"name","name.en","amenity","building","healthcare","healthcare.speciality","operator.type","capacity.persons","addr.full","addr.city","source","name.fil","osm_id","osm_type","geometry"
"Mercury Drug",NA,"pharmacy",NA,"pharmacy",NA,NA,NA,NA,"Makati",NA,NA,25583862,"nodes",c(121.0038035, 14.5562011)
NA,NA,"pharmacy",NA,NA,NA,NA,NA,NA,"Pasig",NA,NA,1377246270,"nodes",c(121.0787653, 14.5735035)
"Springside Pharmacy",NA,"pharmacy",NA,NA,NA,NA,NA,NA,"Taguig","extrapolation",NA,9847587553,"nodes",c(121.0824238, 14.5309722)
"Generika",NA,"pharmacy",NA,"pharmacy",NA,NA,NA,NA,"Makati",NA,NA,11934794176,"nodes",c(121.0452342, 14.5645121)
"eHealthPlus",NA,"pharmacy",NA,NA,NA,NA,NA,NA,"Taguig","extrapolation",NA,9845766687,"nodes",c(121.0794769, 14.5431641)
"Crispina Rivera Birthing Home",NA,NA,NA,"midwife",NA,NA,NA,NA,"Taguig","extrapolation",NA,9867210872,"nodes",c(121.0647353, 14.5031758)
"TGP",NA,"pharmacy",NA,"pharmacy",NA,NA,NA,NA,"Parañaque",NA,NA,2478720259,"nodes",c(120.990819, 14.4991524)
"Generika",NA,"pharmacy",NA,"pharmacy",NA,NA,NA,NA,"Parañaque",NA,NA,2478720262,"nodes",c(120.9911283, 14.4997576)
"Mercury Drug",NA,"pharmacy",NA,"pharmacy",NA,NA,NA,NA,"Quezon City","GPS",NA,255066475,"nodes",c(121.0195292, 14.6581438)
"Morales Childrens Clinic",NA,"clinic",NA,NA,NA,NA,NA,NA,"Pasig",NA,NA,255063251,"nodes",c(121.0823562, 14.5780048)
"Mercury Drug;Phở Hòa",NA,"pharmacy;restaurant",NA,"pharmacy",NA,NA,NA,NA,"Mandaluyong",NA,NA,255065517,"nodes",c(121.0445019, 14.5879978)
"Lachica Dental Clinic",NA,"dentist",NA,NA,NA,NA,NA,NA,"Parañaque",NA,NA,9794624205,"nodes",c(121.0384453, 14.5024409)
"Mapulang Lupa Lying-in Clinic",NA,NA,NA,"birthing_centre","maternity",NA,NA,NA,"Valenzuela",NA,NA,8490932319,"nodes",c(121.0006444, 14.7022143)
"Mercury Drug",NA,"pharmacy",NA,"pharmacy",NA,NA,NA,NA,"Pateros",NA,NA,929097000,"nodes",c(121.0679731, 14.5445792)
NA,NA,"dentist",NA,"dentist",NA,NA,NA,NA,"Pasig",NA,NA,4352138103,"nodes",c(121.0864697, 14.5914089)
"Mercury Drug",NA,"pharmacy",NA,"pharmacy",NA,NA,NA,NA,"Manila",NA,NA,1044981536,"nodes",c(120.9842678, 14.5825728)
"Mercury Drug",NA,"pharmacy",NA,"pharmacy",NA,NA,NA,NA,"Caloocan",NA,NA,7744555986,"nodes",c(121.0588081, 14.7566595)
"V. V. Dental Clinic",NA,"dentist",NA,"dentist",NA,NA,NA,NA,"Quezon City",NA,NA,408774937,"nodes",c(121.0744152, 14.6425707)
"Mercury Drug",NA,"pharmacy",NA,"pharmacy",NA,NA,NA,NA,"Makati",NA,NA,429812189,"nodes",c(121.0205304, 14.5510847)
"Mercury Drug",NA,"pharmacy",NA,"pharmacy",NA,NA,NA,NA,"Manila","interpolation",NA,501555348,"nodes",c(120.976329, 14.6199093)
"BOIE Drug",NA,"pharmacy",NA,"pharmacy",NA,NA,NA,NA,"Las Piñas",NA,NA,698831305,"nodes",c(121.0152164, 14.4305577)
"Generika",NA,"pharmacy",NA,"pharmacy",NA,NA,NA,NA,"Las Piñas",NA,NA,1415767633,"nodes",c(120.9759249, 14.453489)
"Aesthetic Avenue Medical Clinic",NA,"hospital",NA,"hospital",NA,NA,NA,NA,"Las Piñas",NA,NA,1728914761,"nodes",c(120.9916161, 14.4422175)
"Mercury Drug",NA,"pharmacy",NA,"pharmacy",NA,NA,NA,NA,"Muntinlupa",NA,NA,5105890022,"nodes",c(121.0239241, 14.4277498)
"Mercury Drug",NA,"pharmacy",NA,"pharmacy",NA,NA,NA,NA,"Las Piñas",NA,NA,649981565,"nodes",c(120.9941399, 14.4449152)
"Mercury Drug",NA,"pharmacy",NA,"pharmacy",NA,NA,NA,NA,"Muntinlupa",NA,NA,1645517438,"nodes",c(121.0283246, 14.4239396)
"Watsons",NA,"pharmacy",NA,"pharmacy",NA,NA,NA,NA,"Las Piñas",NA,NA,9290780423,"nodes",c(121.0066379, 14.4360458)
"Mercury Drug",NA,"pharmacy",NA,"pharmacy",NA,NA,NA,NA,"Muntinlupa",NA,NA,5741199217,"nodes",c(121.0270248, 14.4250573)
"1301st Dental Dispensary",NA,"clinic",NA,NA,"dentistry",NA,NA,NA,"Taguig",NA,NA,4519922789,"nodes",c(121.0375236, 14.5350917)
"Mercury Drug",NA,"pharmacy",NA,"pharmacy",NA,NA,NA,NA,"Muntinlupa",NA,NA,2054149917,"nodes",c(121.0464778, 14.4072677)
"Mercury Drug",NA,"pharmacy",NA,"pharmacy",NA,NA,NA,NA,"Muntinlupa",NA,NA,3657705024,"nodes",c(121.0449025, 14.3939793)
"Cebuana Lhuillier;Murallos",NA,"dentist",NA,"dentist",NA,NA,NA,NA,"Muntinlupa",NA,NA,3676311578,"nodes",c(121.0473703, 14.375415)
"Watsons",NA,NA,NA,"pharmacy",NA,NA,NA,NA,"Muntinlupa",NA,NA,10064481593,"nodes",c(121.0266222, 14.424685)
"Mercury Drug",NA,"pharmacy",NA,"pharmacy",NA,NA,NA,NA,"Makati",NA,NA,255064991,"nodes",c(121.0135794, 14.5527569)
"TGP",NA,"pharmacy",NA,"pharmacy",NA,NA,NA,NA,"Makati City",NA,NA,2832466479,"nodes",c(121.013491, 14.5518954)
"Mercury Drug",NA,"pharmacy",NA,"pharmacy",NA,NA,NA,NA,"Pasay",NA,NA,4435497555,"nodes",c(120.9915706, 14.5373054)
"Bel-Air Dental Care",NA,"dentist",NA,"dentist",NA,NA,NA,NA,"Makati",NA,NA,2423874144,"nodes",c(121.0252274, 14.5623478)
"TGP",NA,"pharmacy",NA,"pharmacy",NA,NA,NA,NA,"Las Pinas",NA,NA,2591307179,"nodes",c(120.9738071, 14.4713557)
"Nativity Clinic and Lying-in",NA,"doctors",NA,NA,NA,NA,NA,NA,"Quezon City",NA,NA,589927781,"nodes",c(121.0519902, 14.6244723)
"T. M. Reyes Pharmacy",NA,"pharmacy",NA,"pharmacy",NA,NA,NA,NA,"Marikina",NA,NA,600621294,"nodes",c(121.0928435, 14.6229157)
"Mercury Drug",NA,"pharmacy",NA,"pharmacy",NA,NA,NA,NA,"Pasig",NA,NA,2293161038,"nodes",c(121.0852066, 14.5761199)
"Commcare, Inc.",NA,"hospital",NA,NA,NA,NA,NA,NA,"Parañaque",NA,NA,643218009,"nodes",c(121.023788, 14.501349)
"CBZ Medical Clinic",NA,"clinic",NA,"clinic",NA,"private",NA,NA,"Manila",NA,NA,7039956885,"nodes",c(120.9896783, 14.5780848)
"Paranaque Social Hygiene Clinic",NA,"clinic",NA,"clinic",NA,"government",NA,NA,"Parañaque",NA,NA,7039956786,"nodes",c(121.0223799, 14.4705892)
"Hi-Precision Diagnostics",NA,NA,NA,"laboratory","diagnostic_radiology;radiology","private",NA,NA,"Pasig",NA,NA,2293161448,"nodes",c(121.085355, 14.5764239)
NA,NA,NA,NA,"laboratory",NA,"private",NA,NA,"Manila",NA,NA,7039834285,"nodes",c(120.980344, 14.579503)
"Mercury Drug",NA,"pharmacy",NA,"pharmacy",NA,NA,NA,NA,"Pasay","jklinc",NA,255071645,"nodes",c(120.9924312, 14.5529213)
"Mercury Drug",NA,"pharmacy",NA,"pharmacy",NA,NA,NA,NA,"Las Piñas",NA,NA,402912590,"nodes",c(121.0049223, 14.4388472)
"Mercury Drug",NA,"pharmacy",NA,"pharmacy",NA,NA,NA,NA,"Muntinlupa",NA,NA,567918089,"nodes",c(121.043374, 14.4140393)
"Mercury Drug",NA,"pharmacy",NA,"pharmacy",NA,NA,NA,NA,"Makati",NA,NA,433812840,"nodes",c(121.0200093, 14.5602045)
"Mercury Drug",NA,"pharmacy",NA,"pharmacy",NA,NA,NA,NA,"Las Piñas",NA,NA,696768528,"nodes",c(121.0060326, 14.4371334)
"Mercury Drug",NA,"pharmacy",NA,"pharmacy",NA,NA,NA,NA,"Las Piñas",NA,NA,658999010,"nodes",c(121.0163003, 14.4293456)
"Southstar Drug",NA,"pharmacy",NA,"pharmacy",NA,NA,NA,NA,"Las Piñas",NA,NA,734827561,"nodes",c(120.9790726, 14.4504048)
"Mercury Drug",NA,"pharmacy",NA,"pharmacy",NA,NA,NA,NA,"Muntinlupa",NA,NA,793876763,"nodes",c(121.044791, 14.4190525)
"Mercury Drug",NA,"pharmacy",NA,"pharmacy",NA,NA,NA,NA,"Las Piñas",NA,NA,946772470,"nodes",c(120.9684831, 14.4642399)
"Mercury Drug",NA,"pharmacy",NA,"pharmacy",NA,NA,NA,NA,"Parañaque",NA,NA,923706433,"nodes",c(120.989308, 14.5295499)
"TGP",NA,"pharmacy",NA,"pharmacy",NA,NA,NA,NA,"Las Piñas",NA,NA,1258241427,"nodes",c(121.0066178, 14.4371223)
"Messiah Pharmacy",NA,"pharmacy",NA,"pharmacy",NA,NA,NA,NA,"Las Piñas",NA,NA,1272257389,"nodes",c(120.9933972, 14.4442129)
"Toothcare Dental Clinic",NA,"dentist",NA,"dentist",NA,NA,NA,NA,"Las Piñas",NA,NA,1728914883,"nodes",c(120.9924502, 14.4430795)
"Generika",NA,"pharmacy",NA,"pharmacy",NA,NA,NA,NA,"Las Piñas",NA,NA,1703097477,"nodes",c(121.0032889, 14.4386559)
"Generika",NA,"pharmacy",NA,"pharmacy",NA,NA,NA,NA,"Las Piñas",NA,NA,1444152878,"nodes",c(120.9934491, 14.4443377)
"Mercury Drug",NA,"pharmacy",NA,"pharmacy",NA,NA,NA,NA,"Muntinlupa",NA,NA,1645517439,"nodes",c(121.0306829, 14.4243194)
"Pamintuan Dental Clinic",NA,"dentist",NA,"dentist",NA,NA,NA,NA,"Las Piñas",NA,NA,1728914855,"nodes",c(120.9912014, 14.4412537)
"Castillo Ortho-Dental Clinic",NA,"dentist",NA,"dentist",NA,NA,NA,NA,"Las Piñas",NA,NA,1788496421,"nodes",c(120.9744087, 14.4542329)
"Botica ng Bayan",NA,"pharmacy",NA,"pharmacy",NA,NA,NA,NA,"Las Piñas",NA,NA,1850871343,"nodes",c(120.9847598, 14.447785)
"Mercury Drug",NA,"pharmacy",NA,"pharmacy",NA,NA,NA,NA,"Parañaque",NA,NA,2478720264,"nodes",c(120.9912281, 14.5000407)
"TGP",NA,"pharmacy",NA,"pharmacy",NA,NA,NA,NA,"Parañaque",NA,NA,2809945844,"nodes",c(120.9960918, 14.5168725)
"Wambango Dental Clinic",NA,"dentist",NA,"dentist",NA,NA,NA,NA,"Marikina",NA,NA,670274470,"nodes",c(121.1023207, 14.6231447)
"TGP",NA,"pharmacy",NA,"pharmacy",NA,NA,NA,NA,"Las Piñas",NA,NA,4278672047,"nodes",c(120.9907868, 14.4375124)
"Mercury Drug",NA,"pharmacy",NA,"pharmacy",NA,NA,NA,NA,"Valenzuela",NA,NA,3967409271,"nodes",c(120.9696953, 14.6921469)
"National Center for Mental Health",NA,NA,NA,"psychotherapist","psychiatry",NA,NA,NA,"Mandaluyong",NA,NA,7140653109,"nodes",c(121.0430371, 14.5807379)
"Dr. A. G. Salazar Dental Clinic",NA,"dentist",NA,"dentist","orthodontics",NA,NA,NA,"Mandaluyong",NA,NA,12747593993,"nodes",c(121.048629, 14.5734282)
"Mercury Drug",NA,"pharmacy",NA,NA,NA,NA,NA,NA,"Manila",NA,NA,1293342164,"nodes",c(121.0119179, 14.5811241)
"Mercury Drug",NA,"pharmacy",NA,"pharmacy",NA,NA,NA,NA,"Quezon City",NA,NA,1688080397,"nodes",c(121.0782004, 14.6074172)
"Canadian Drug House",NA,"pharmacy",NA,"pharmacy",NA,NA,NA,NA,"Manila",NA,NA,7566025016,"nodes",c(120.9757893, 14.6017675)
NA,NA,NA,NA,"laboratory",NA,NA,NA,NA,"Manila",NA,NA,7123874885,"nodes",c(120.9884633, 14.5763547)
"Nutrialternatives",NA,NA,NA,"alternative",NA,NA,NA,NA,"Malate, Manila",NA,NA,9277091026,"nodes",c(120.9906939, 14.5712001)
"Makati Medical Center",NA,NA,NA,"psychotherapist","psychiatry","private",NA,"No. 2 Amorsolo Street, Legaspi Village, Makati City, Philippines 1229","Makati",NA,NA,6466260986,"nodes",c(121.0148949, 14.5593165)
"Techniks That Work Therapy Center",NA,NA,NA,"speech_therapist;occupational_therapist",NA,NA,NA,NA,"Makati","PASP",NA,11171949584,"nodes",c(121.0049576, 14.5616323)
"South Star Drug",NA,"pharmacy",NA,NA,NA,NA,NA,NA,"Manila",NA,NA,3077038032,"nodes",c(121.0121886, 14.5806643)
"Therabuddies Child Development Center",NA,NA,NA,"speech_therapist;occupational_therapist;physiotherapist",NA,NA,NA,NA,"Valenzuela","PAOT;PASP;local knowledge",NA,11172984549,"nodes",c(120.9277273, 14.7274395)
"Santa. Rosa De Lima Medical Clinic",NA,"doctors",NA,"doctor",NA,NA,NA,NA,"Pasig",NA,NA,6899194595,"nodes",c(121.0926621, 14.6103855)
"Velasco Dental Clinic",NA,"dentist",NA,"dentist",NA,NA,NA,NA,"Marikina",NA,NA,10101207184,"nodes",c(121.0994518, 14.6272183)
"Seamary's Pharmacy",NA,"pharmacy",NA,"pharmacy",NA,NA,NA,NA,"Manila",NA,NA,1038225372,"nodes",c(120.9776207, 14.5879899)
"Generika",NA,"pharmacy",NA,"pharmacy",NA,NA,NA,NA,"Parañaque",NA,NA,1277182573,"nodes",c(121.0326877, 14.4584065)
"TGP",NA,"pharmacy",NA,"pharmacy",NA,NA,NA,NA,"Manila",NA,NA,1278908812,"nodes",c(120.9834002, 14.5979747)
"Fresenius Medical Care",NA,"clinic",NA,"dialysis",NA,NA,NA,NA,"Makati",NA,NA,10274504207,"nodes",c(121.0191639, 14.5404259)
"Mercury Drug",NA,"pharmacy",NA,"pharmacy",NA,NA,NA,NA,"Marikina",NA,NA,1360075652,"nodes",c(121.1164984, 14.6501976)
"Botica ng Bayan",NA,"pharmacy",NA,NA,NA,NA,NA,NA,"Makati",NA,NA,1500906875,"nodes",c(121.0246369, 14.5608438)
"Philippine National Red Cross Muntinlupa Chapter",NA,NA,NA,"blood_donation",NA,NA,NA,NA,"Muntinlupa",NA,NA,2153569636,"nodes",c(121.0266751, 14.428209)
"Shireen",NA,"pharmacy",NA,"pharmacy",NA,NA,NA,NA,"Taguig","interpolation",NA,10598220829,"nodes",c(121.0509004, 14.5008173)
"RITM Satellite Clinic",NA,"clinic",NA,NA,NA,NA,NA,NA,"Manila",NA,NA,1590273133,"nodes",c(120.9910052, 14.5733749)
"Mary, Queen of Hearts Medical Clinic",NA,"doctors",NA,NA,NA,NA,NA,NA,"Quezon City","extrapolation",NA,1647975536,"nodes",c(121.056798, 14.7391284)
"Mercury Drug",NA,"pharmacy",NA,"pharmacy",NA,NA,NA,NA,"Makati","jklinc",NA,255060764,"nodes",c(121.0148561, 14.560069)
"TGP",NA,"pharmacy",NA,"pharmacy",NA,NA,NA,NA,"Quezon City",NA,NA,1884931973,"nodes",c(121.0373775, 14.6104863)
"Ambulatory CPU Lingap Bata – UST Medical Social Service Dapartment",NA,"hospital",NA,"hospital",NA,NA,NA,NA,"Manila",NA,NA,6011953702,"nodes",c(120.990071, 14.6115031)
"TGP",NA,"pharmacy",NA,"pharmacy",NA,NA,NA,NA,"Taguig",NA,NA,1993739422,"nodes",c(121.067841, 14.5373223)
"Well-family Midwife Clinic",NA,NA,NA,"midwife",NA,NA,NA,NA,"Caloocan","extrapolation",NA,9756759749,"nodes",c(121.0707542, 14.7588338)
NA,NA,"dentist",NA,"dentist",NA,NA,NA,NA,"Pasig",NA,NA,2043677028,"nodes",c(121.0670667, 14.5740654)
"Mercury Drug",NA,"pharmacy",NA,"pharmacy",NA,NA,NA,NA,"Las Piñas",NA,NA,2599803767,"nodes",c(121.002593, 14.4286075)
"Mercury Drug",NA,"pharmacy",NA,"pharmacy",NA,NA,NA,NA,"Pasig",NA,NA,1966230657,"nodes",c(121.0815314, 14.5585132)
"Pasig City Social Hygiene Clinic",NA,"doctors",NA,"clinic",NA,"government",NA,NA,"Pasig",NA,NA,7039898989,"nodes",c(121.0818538, 14.5584275)
"TGP",NA,"pharmacy",NA,"pharmacy",NA,NA,NA,NA,"Muntinlupa",NA,NA,2166585767,"nodes",c(121.0468132, 14.4194222)
"Mercury Drug",NA,"pharmacy",NA,"pharmacy",NA,NA,NA,NA,"Makati",NA,NA,2402048526,"nodes",c(121.0243753, 14.552645)
"Santo Niño de Rosales Medical Clinic",NA,"doctors",NA,NA,"gynaecology;family_medicine",NA,NA,NA,"Paranaque",NA,NA,2478702457,"nodes",c(120.9932762, 14.5035915)
"TGP",NA,"pharmacy",NA,"pharmacy",NA,NA,NA,NA,"Quezon City",NA,NA,1326595188,"nodes",c(121.0790922, 14.606799)
"Rapa' Generics Pharmacy",NA,"pharmacy",NA,"pharmacy",NA,NA,NA,NA,"Las Piñas",NA,NA,1599655221,"nodes",c(120.9691266, 14.4635128)
"Intercon Diagnostic Laboratory Inc.",NA,NA,NA,"laboratory",NA,NA,NA,NA,"Manila",NA,NA,9896556056,"nodes",c(120.9732945, 14.6005732)
"TGP",NA,"pharmacy",NA,"pharmacy",NA,NA,NA,NA,"Parañaque",NA,NA,663935928,"nodes",c(121.0206815, 14.4667563)
"Medicard",NA,"clinic",NA,"clinic",NA,NA,NA,NA,"Quezon City",NA,NA,2575086721,"nodes",c(121.0396629, 14.6418454)
"RAdG Dental Clinic",NA,"dentist",NA,"dentist","dentistry",NA,NA,NA,"Marikina",NA,NA,2657837860,"nodes",c(121.0941698, 14.636929)
"Mariner's Dental Clinic",NA,"dentist",NA,"dentist",NA,NA,NA,NA,"Manila",NA,NA,1038225278,"nodes",c(120.9775861, 14.588025)
"Diaz Dental Clinic",NA,"dentist",NA,NA,NA,NA,NA,NA,"Marikina",NA,NA,3593959664,"nodes",c(121.094192, 14.6414291)
"TGP",NA,"pharmacy",NA,"pharmacy",NA,NA,NA,NA,"Makati",NA,NA,3610368992,"nodes",c(121.0257576, 14.5696931)
"Solar Super Drug",NA,"pharmacy",NA,NA,NA,NA,NA,NA,"Quezon City",NA,NA,3638341014,"nodes",c(121.0015205, 14.6352019)
"Supercare Medical Services","Supercare Medical Services","doctors",NA,"doctor",NA,NA,NA,NA,"Manila",NA,NA,4406639303,"nodes",c(120.9823757, 14.5796817)
"Watsons",NA,"pharmacy",NA,"pharmacy",NA,NA,NA,NA,"Marikina",NA,NA,4420027695,"nodes",c(121.0844445, 14.62613)
"Refinity Dermatology And Laser Clinic",NA,"clinic",NA,"clinic","dermatology",NA,NA,NA,"Pasig",NA,NA,4640167489,"nodes",c(121.0591387, 14.5734072)
"St. Stamford Clinic",NA,"clinic",NA,"clinic",NA,NA,NA,NA,"Makati",NA,NA,3909460063,"nodes",c(121.0219892, 14.5559243)
"TGP",NA,"pharmacy",NA,"pharmacy",NA,NA,NA,NA,"Quezon City",NA,NA,7973281846,"nodes",c(121.0794666, 14.6716462)
"Supreme Pharmacy",NA,"pharmacy",NA,NA,NA,NA,NA,NA,"Parañaque",NA,NA,644455174,"nodes",c(121.0240915, 14.5013537)
"St. Luke's Medical Center Global City",NA,"doctors",NA,"psychotherapist",NA,"private",NA,NA,"Taguig",NA,NA,7597467285,"nodes",c(121.0482529, 14.554675)
"GSRL Pharmacy",NA,"pharmacy",NA,"pharmacy",NA,NA,NA,NA,"Valenzuela",NA,NA,5720515683,"nodes",c(120.9566691, 14.7178155)
"Aquinas Pharmacy",NA,"pharmacy",NA,"pharmacy",NA,NA,NA,NA,"Valenzuela",NA,NA,5720515697,"nodes",c(120.9566749, 14.7176204)
"Diagnostic Intensive & Precise Medical & Laboratory Center, Inc.",NA,NA,NA,"laboratory",NA,NA,NA,NA,"Caloocan City",NA,NA,11870771380,"nodes",c(120.9887474, 14.6500818)
"Frents Kampong",NA,"dentist",NA,NA,NA,NA,NA,NA,"Quezon City",NA,NA,6147868785,"nodes",c(121.0580124, 14.7385216)
"Botika ng Bayan",NA,"pharmacy",NA,NA,NA,NA,NA,NA,"Quezon City","jettp0gi",NA,1137631245,"nodes",c(121.0168239, 14.6196358)
"S. V. Eugenio Paanakan",NA,NA,NA,"midwife",NA,NA,NA,NA,"Taguig",NA,NA,6428701630,"nodes",c(121.0395788, 14.5138102)
"Jem's Lying In",NA,NA,NA,"midwife",NA,NA,NA,NA,"Taguig",NA,NA,6428701636,"nodes",c(121.0403198, 14.5140439)
"Touch of Pearl Dental Clinic",NA,"dentist",NA,"dentist",NA,NA,NA,NA,"Taguig",NA,NA,6428701637,"nodes",c(121.0404821, 14.5139997)
"Ther@health Multitherapy Center, inc.",NA,NA,NA,"speech_therapist",NA,NA,NA,NA,"Mandaluyong","PASP",NA,6534520555,"nodes",c(121.0362791, 14.578532)
"Watsons",NA,"pharmacy",NA,"pharmacy",NA,NA,NA,NA,"Mandaluyong",NA,NA,1435156694,"nodes",c(121.0570454, 14.584892)
"Mercury Drug",NA,"pharmacy",NA,"pharmacy",NA,NA,NA,NA,"Makati",NA,NA,928048484,"nodes",c(121.0120122, 14.5401993)
"Mercury Drug",NA,"pharmacy",NA,"pharmacy",NA,NA,NA,NA,"Makati",NA,NA,1271287498,"nodes",c(121.034905, 14.5471121)
"JASS",NA,"pharmacy",NA,NA,NA,NA,NA,NA,"Manila",NA,NA,10226844546,"nodes",c(120.9754667, 14.6374142)
"TGP",NA,"pharmacy",NA,"pharmacy",NA,NA,NA,NA,"Las Piñas",NA,NA,1881979463,"nodes",c(120.9942054, 14.4315473)
"Mercury Drug",NA,"pharmacy",NA,"pharmacy",NA,NA,NA,NA,"Makati",NA,NA,1300420245,"nodes",c(121.0057495, 14.558403)
"Watsons",NA,"pharmacy",NA,"pharmacy",NA,NA,NA,NA,"Las Piñas",NA,NA,3716052457,"nodes",c(120.9786503, 14.4499465)
"Majito Emergency Clinic",NA,"clinic",NA,NA,NA,NA,NA,NA,"Las Piñas",NA,NA,2478949463,"nodes",c(120.9812714, 14.4415547)
"Y Generics Pharma",NA,"pharmacy",NA,NA,NA,NA,NA,NA,"Las Piñas",NA,NA,1599655225,"nodes",c(120.9841633, 14.4455824)
"Accuhealth Diagnostics",NA,"clinic",NA,NA,NA,NA,NA,NA,"Las Piñas",NA,NA,1754910608,"nodes",c(120.978893, 14.4491468)
"Mercury Drug",NA,"pharmacy",NA,"pharmacy",NA,NA,NA,NA,"Pasig",NA,NA,6944608584,"nodes",c(121.0618557, 14.5845913)
"Calpe Medical Services and Supplies",NA,"clinic",NA,NA,NA,"private",NA,NA,"Manila",NA,NA,7039933087,"nodes",c(120.98192, 14.5757476)
"Taguig Social Hygiene Clinic",NA,"doctors",NA,"clinic",NA,"government",NA,NA,"Taguig City",NA,NA,7086462286,"nodes",c(121.0690449, 14.5283498)
"Mandaluyong Social Hygiene Clinic",NA,"doctors",NA,"clinic",NA,"government",NA,NA,"Mandaluyong",NA,NA,7303980773,"nodes",c(121.0272896, 14.580147)
"Villacarlos Optical Clinic",NA,"doctors",NA,NA,"optometry",NA,NA,NA,"Taguig","interpolation",NA,10598260397,"nodes",c(121.0498068, 14.5004622)
"Pamplona I Health Center",NA,"clinic",NA,"clinic",NA,NA,NA,NA,"Las Piñas",NA,NA,5348516853,"nodes",c(120.9700057, 14.4584588)
"Mercury Drug",NA,"pharmacy",NA,"pharmacy",NA,NA,NA,NA,"Makati",NA,NA,1337916196,"nodes",c(121.0264565, 14.5504883)
"Communicare Therapy Center",NA,NA,NA,"speech_therapist;occupational_therapist;physiotherapist",NA,NA,NA,NA,"Parañaque","PAOT;PASP",NA,11171934207,"nodes",c(121.0213861, 14.4457169)
"Mercury Drug",NA,"pharmacy",NA,"pharmacy",NA,NA,NA,NA,"Makati",NA,NA,2597472154,"nodes",c(121.0189482, 14.5565426)
"Abalos Dental Clinic",NA,"dentist",NA,"dentist",NA,NA,NA,NA,"Pasig",NA,NA,11805117968,"nodes",c(121.0617427, 14.5885132)
"Watsons",NA,"pharmacy",NA,"pharmacy",NA,NA,NA,NA,"Quezon City",NA,NA,8589213122,"nodes",c(121.019989, 14.6795476)
"Watsons",NA,"pharmacy",NA,"pharmacy",NA,NA,NA,NA,"Makati",NA,NA,3306913182,"nodes",c(121.0219305, 14.5636718)
"Watsons",NA,"pharmacy",NA,"pharmacy",NA,NA,NA,NA,"Pasig",NA,NA,11232934163,"nodes",c(121.0609099, 14.5895548)
"Prosperity Medical Clinic and Laboratory, Inc.","PMC","doctors",NA,"doctor","Laboratory",NA,NA,NA,"Manila",NA,NA,6351454287,"nodes",c(120.9908191, 14.5725609)
"The Generics Pharmacy",NA,"pharmacy",NA,"pharmacy",NA,NA,NA,NA,"Valenzuela","extrapolation",NA,10208978284,"nodes",c(120.9840135, 14.7113527)
"Little Big Steps Pediatric Therapy Clinic, Inc.",NA,NA,NA,"speech_therapist;occupational_therapist",NA,NA,NA,NA,"Parañaque","PAOT",NA,11171812111,"nodes",c(121.0309133, 14.4832138)
"Eimi Pharmacy",NA,"pharmacy",NA,"pharmacy",NA,NA,NA,NA,"Manila",NA,NA,7829904296,"nodes",c(120.9885465, 14.5695982)
"Farmacia ni Dok",NA,"pharmacy",NA,NA,NA,NA,NA,NA,"Manila",NA,NA,1590273001,"nodes",c(120.9901282, 14.574393)
"TGP",NA,"pharmacy",NA,"pharmacy",NA,NA,NA,NA,"Manila",NA,NA,1590273145,"nodes",c(120.9897508, 14.5766451)
"Mercury Drug",NA,"pharmacy",NA,"pharmacy",NA,NA,NA,NA,"Marikina",NA,NA,7328647585,"nodes",c(121.1150011, 14.6486519)
"Leomarsan Drug Store",NA,"pharmacy",NA,"pharmacy",NA,NA,NA,NA,"Parañaque",NA,NA,2478720257,"nodes",c(120.9911514, 14.4994787)
"MLAC Institute for Psychosocial Services, Inc.",NA,NA,NA,"psychotherapist",NA,NA,NA,"2 Kaunlaran st. Kawilihan Village Bagong Ilog Pasig City",NA,NA,NA,7810088085,"nodes",c(121.0682997, 14.5668862)
"In Touch Community Services",NA,NA,NA,"psychotherapist",NA,"private",NA,"48 Mckinley Road, North Forbes Park, Makati",NA,NA,NA,7809710985,"nodes",c(121.0349662, 14.5484764)
"Makati Anti-Drug Abuse Council",NA,NA,NA,"psychotherapist",NA,"government",NA,"8th floor New Makati City Hall Bldg. II Makati City 1200",NA,NA,NA,7809744287,"nodes",c(121.0274596, 14.5697108)
"Center for Family Ministries Satellite Counseling Site",NA,NA,NA,"psychotherapist",NA,NA,NA,"Don Bosco Parish Arnaiz Avenue corner Amorsolo Street, Makati City",NA,NA,NA,7809714786,"nodes",c(121.0149315, 14.5504698)
"New Beginnings Foundation, Inc.",NA,NA,NA,"psychotherapist",NA,"private",NA,"Cristina Condominium, Room 303 Rufino Street corner Legaspi Street, Legazpi Village, Makati City",NA,NA,NA,7809744387,"nodes",c(121.0162947, 14.5557614)
"John F. Cotton Corporate Wellness Center",NA,"doctors",NA,"doctor",NA,NA,NA,NA,"Pasig",NA,NA,603660999,"nodes",c(121.0647938, 14.5900136)
"Progress Child Development Center",NA,NA,NA,"speech_therapist;occupational_therapist",NA,NA,NA,NA,"Parañaque","PASP;local knowledge",NA,11171935299,"nodes",c(120.9965274, 14.5242201)
"South Triumph Healthcare Services Co.",NA,NA,NA,"laboratory","blood_check;urology;hepatology;gynaecology",NA,NA,NA,"Taguig",NA,NA,10580879939,"nodes",c(121.0528557, 14.5048796)
"Daughters of Faith Lying In",NA,NA,NA,"birthing_centre","gynaecology;obstetrics",NA,NA,NA,"Quezon City",NA,NA,4615781905,"nodes",c(121.0540982, 14.6816416)
"Agnes Dental Clinic",NA,"clinic",NA,"clinic","dentist",NA,NA,NA,"Caloocan",NA,NA,10682198565,"nodes",c(121.0336869, 14.780975)
"Jongco TMU - Ortho Dental",NA,"dentist",NA,NA,NA,NA,NA,NA,"Las Piñas",NA,NA,10722734705,"nodes",c(120.9898371, 14.4307187)
"Flores Derm Clinic",NA,"doctors",NA,"doctor","dermatology",NA,NA,NA,"Las Piñas",NA,NA,10722734706,"nodes",c(120.9898436, 14.4307391)
"Play Plus Therapy Center",NA,NA,NA,"occupational_therapist",NA,NA,NA,NA,"San Juan",NA,NA,10660441320,"nodes",c(121.0378937, 14.598933)
"Southstar Drug",NA,"pharmacy",NA,"pharmacy",NA,NA,NA,NA,"Mandaluyong",NA,NA,2780761217,"nodes",c(121.0445587, 14.5824106)
"Southstar Drug",NA,"pharmacy",NA,"pharmacy",NA,NA,NA,NA,"Mandaluyong",NA,NA,827174424,"nodes",c(121.046136, 14.5793623)
"1 Prime Dental Centre",NA,"dentist",NA,"dentist",NA,NA,NA,NA,"Mandaluyong",NA,NA,6561121197,"nodes",c(121.0500739, 14.5777997)
"JED Diagnostic Clinic",NA,NA,NA,"psychotherapist",NA,"private",NA,"3rd Floor, Godino Building, 350 A. Villegas St., Ermita, Manila",NA,NA,NA,7155382085,"nodes",c(120.9823499, 14.5891728)
"La Materna",NA,"doctors",NA,NA,NA,NA,NA,NA,"Marikina",NA,NA,949366091,"nodes",c(121.0898787, 14.6360123)
"Dr. Amy J. Puno - Samulde Dental Clinic",NA,"dentist",NA,"dentist",NA,NA,NA,NA,"Pasay",NA,NA,5553461796,"nodes",c(120.9928716, 14.5503423)
"Orthodental Clinic",NA,"dentist",NA,NA,NA,NA,NA,NA,"Quezon City",NA,NA,3638341015,"nodes",c(121.0016067, 14.6339367)
"Mercury Drug",NA,"pharmacy",NA,"pharmacy",NA,NA,NA,NA,"Mandaluyong",NA,NA,1439128640,"nodes",c(121.0549053, 14.5825049)
"Center for Advanced Aesthetics",NA,"clinic",NA,"clinic","plastic_surgery;dermatology;aesthetic_medicine;body_contouring;skin_care;aesthetic_clinic",NA,NA,NA,"Quezon City",NA,NA,11233758281,"nodes",c(121.0543759, 14.6453897)
"Pean Integrated School of Paranaque",NA,NA,NA,"speech_therapist;occupational_therapist;physiotherapist",NA,NA,NA,NA,"Parañaque","PASP;local knowledge",NA,11167489954,"nodes",c(121.0138392, 14.5008669)
"Build for Fun Learning and Development Center",NA,NA,NA,"speech_therapist;occupational_therapist",NA,NA,NA,NA,"Las Piñas","PASP",NA,11171856697,"nodes",c(120.9835348, 14.4373167)
"Borough Medical Clinics",NA,"clinic",NA,"clinic",NA,NA,NA,NA,"Pasay",NA,NA,11248508043,"nodes",c(120.9813649, 14.536568)
"The Medical City Clinic",NA,"clinic",NA,"clinic",NA,NA,NA,NA,"Pasay",NA,NA,11248508047,"nodes",c(120.9814249, 14.536567)
"Dental World Manila",NA,"dentist",NA,"dentist",NA,NA,NA,NA,"Pasay",NA,NA,11248508042,"nodes",c(120.9813826, 14.5364135)
"Borough Lasik Center",NA,"clinic",NA,"clinic","ophthalmology",NA,NA,NA,"Pasay",NA,NA,11248508044,"nodes",c(120.981399, 14.5365674)
"The Medical City Clinic",NA,"clinic",NA,NA,NA,NA,NA,NA,"Makati City",NA,NA,11548142899,"nodes",c(121.0182246, 14.5419615)
"Mercury Drug",NA,"pharmacy",NA,NA,NA,NA,NA,NA,"Manila",NA,NA,1293376100,"nodes",c(120.9921346, 14.5779264)
"DermaClinic",NA,"clinic",NA,NA,NA,NA,NA,NA,"Manila",NA,NA,944867878,"nodes",c(121.0018538, 14.6033182)
"Mercury Drug",NA,"pharmacy",NA,NA,NA,NA,NA,NA,"Mandaluyong",NA,NA,357733228,"nodes",c(121.0331948, 14.5765544)
"Don Galo Pharmacy",NA,"pharmacy",NA,NA,NA,NA,NA,NA,"Paranaque",NA,NA,2478699595,"nodes",c(120.993677, 14.504261)
"Partners in Child Development and Progress Inc.",NA,NA,NA,"psychotherapist","psychiatry","private",NA,NA,"Pasig",NA,NA,7140656741,"nodes",c(121.0607106, 14.5720946)
"TGP",NA,"pharmacy",NA,"pharmacy",NA,NA,NA,NA,"Marikina",NA,NA,12027514593,"nodes",c(121.1135153, 14.6592786)
"South Star Drug",NA,"pharmacy",NA,"pharmacy",NA,NA,NA,NA,"Makati",NA,NA,1110182230,"nodes",c(121.0177166, 14.5568603)
"H.B. Calleja Center for Cardiovascular Technology",NA,NA,NA,"laboratory",NA,NA,NA,NA,"Mandaluyong",NA,NA,5963272805,"nodes",c(121.0331674, 14.5914573)
"Vicky Belo Medical Group",NA,"doctors",NA,NA,NA,NA,NA,NA,"Quezon City",NA,NA,1152261697,"nodes",c(121.0352671, 14.6358034)
"Mercury Drug",NA,"pharmacy",NA,"pharmacy",NA,NA,NA,NA,"Quezon City","jklinc",NA,255062900,"nodes",c(121.0096947, 14.6185863)
"Babybond Ultrasound",NA,"clinic",NA,"clinic","obstetric_ultrasonography",NA,NA,NA,"Pasay",NA,NA,12832943731,"nodes",c(120.9812753, 14.5364914)
"Communicare Therapy Center",NA,NA,NA,"speech_therapist",NA,NA,NA,NA,"Pasay",NA,NA,12832943715,"nodes",c(120.981272, 14.5366277)
"Urestore Physical Therapy & Rehabilitation Clinic",NA,NA,NA,"physiotherapist",NA,NA,NA,NA,"Pasay",NA,NA,12832943716,"nodes",c(120.9812713, 14.5366018)
"Oasis Dental Care",NA,"dentist",NA,"dentist",NA,NA,NA,NA,"Pasay",NA,NA,12832943717,"nodes",c(120.9814054, 14.5364132)
"CareView Cancer Center BGC",NA,NA,NA,"clinic","diagnostic_radiology",NA,NA,NA,"Taguig",NA,NA,12300577681,"nodes",c(121.0441071, 14.5549341)
"Mercury Drug",NA,"pharmacy",NA,"pharmacy",NA,NA,NA,NA,"Makati",NA,NA,419725035,"nodes",c(121.0241749, 14.5587634)
"Smile Empress",NA,"dentist",NA,NA,NA,NA,NA,NA,"Las Piñas",NA,NA,10722706593,"nodes",c(120.9895912, 14.4308936)
"Luxecare",NA,"doctors",NA,"doctor",NA,NA,NA,NA,"Mandaluyong",NA,NA,12941802990,"nodes",c(121.0523492, 14.5825863)
"Super Mom Pharmacy",NA,"pharmacy",NA,NA,NA,NA,NA,NA,"Las Piñas",NA,NA,2022008967,"nodes",c(120.9691313, 14.4637847)
"Mercury Drug","Mercury Drug","pharmacy",NA,"pharmacy",NA,NA,NA,NA,"Manila",NA,NA,4595834890,"nodes",c(120.9929801, 14.603537)
"Kidspeak Therapy Center",NA,NA,NA,"yes",NA,NA,NA,NA,"Las Piñas","PASP",NA,11171838562,"nodes",c(120.9848839, 14.4522752)
"TGP",NA,"pharmacy",NA,"pharmacy",NA,NA,NA,NA,"Las Piñas",NA,NA,2511370973,"nodes",c(121.0007421, 14.4386207)
"Yanchos Drugstore",NA,"pharmacy",NA,NA,NA,NA,NA,NA,"Quezon City","jklinc",NA,255070545,"nodes",c(121.0264988, 14.6425311)
"Drug Abuse Research (DARE) ILAW - Quezon City",NA,NA,NA,"psychotherapist",NA,NA,NA,"25-A Matiyaga St. Brgy. Central, Quezon City","Quezon City",NA,NA,7140661313,"nodes",c(121.0520464, 14.6412229)
"Metrocheers Dental Clinic",NA,"dentist",NA,"dentist","dentist;dental_oral_maxillo_facial_surgery;dentistry",NA,NA,NA,"Parañaque City",NA,NA,12772608625,"nodes",c(121.0371887, 14.4827071)
"TGP",NA,"pharmacy",NA,"pharmacy",NA,NA,NA,NA,"Pasig",NA,NA,2522875392,"nodes",c(121.061627, 14.5737095)
"Mercury Drug",NA,"pharmacy",NA,"pharmacy",NA,NA,NA,NA,"Pasig",NA,NA,6501420025,"nodes",c(121.061671, 14.5737501)
"Nordic Medical Clinic Manila","Nordic Medical Clinic Manila","clinic",NA,"clinic",NA,"private",NA,NA,"Manila",NA,NA,1268095743,"nodes",c(120.9847717, 14.5685771)
"TGP",NA,"pharmacy",NA,"pharmacy",NA,NA,NA,NA,"Manila",NA,NA,2876175059,"nodes",c(121.0042516, 14.5720224)
"Farmacia Sicaba",NA,"pharmacy",NA,NA,NA,NA,NA,NA,"Manila",NA,NA,1474193689,"nodes",c(121.0171065, 14.5841604)
"Save U More Drug",NA,"pharmacy",NA,NA,NA,NA,NA,NA,"Manila",NA,NA,3077651790,"nodes",c(121.0154477, 14.5834485)
"Alabang Medical Clinic",NA,"clinic",NA,NA,NA,NA,NA,NA,"Las Piñas",NA,NA,1315869712,"nodes",c(121.0147233, 14.4307216)
"Philippine Kidney Dialysis Foundation",NA,"clinic",NA,"clinic",NA,NA,NA,NA,"Quezon City",NA,NA,5323225505,"nodes",c(121.0333245, 14.6320895)
"Save More Drugstore",NA,"pharmacy",NA,NA,NA,NA,NA,NA,"Caloocan",NA,NA,2750034532,"nodes",c(121.0449322, 14.7749824)
NA,NA,NA,NA,"laboratory",NA,"private",NA,NA,"Quezon City",NA,NA,7039937885,"nodes",c(121.0500348, 14.6373023)
"Tres Pemanah",NA,"clinic",NA,"clinic",NA,NA,NA,NA,"Quezon City",NA,NA,2547334360,"nodes",c(121.0747078, 14.64992)
NA,NA,"dentist",NA,"dentist",NA,NA,NA,NA,"Manila",NA,NA,11608235121,"nodes",c(120.9873133, 14.578774)
"Unlab Medical Clinic",NA,"clinic",NA,"clinic",NA,NA,NA,NA,"Manila",NA,NA,11608235124,"nodes",c(120.9873576, 14.5788701)
"Mercury Drug",NA,"pharmacy",NA,"pharmacy",NA,NA,NA,NA,"Manila",NA,NA,2005886807,"nodes",c(121.0129351, 14.600935)
"Mercury Drug",NA,"pharmacy",NA,"pharmacy",NA,NA,NA,NA,"Manila",NA,NA,2005886819,"nodes",c(121.0126417, 14.6017927)
"Mercury Drug",NA,"pharmacy",NA,"pharmacy",NA,NA,NA,NA,"Quezon City","Benta Serbisyo",NA,593999445,"nodes",c(121.030251, 14.6548252)
"Barangay Bel-Air Health Office",NA,"clinic",NA,"clinic",NA,NA,NA,NA,"Makati",NA,NA,1750310911,"nodes",c(121.0231265, 14.5604391)
"IOM Manila Health Centre",NA,"clinic",NA,"clinic",NA,NA,NA,NA,"Makati",NA,NA,10127491575,"nodes",c(121.026363, 14.5608686)
"Mercury Drug",NA,"pharmacy",NA,"pharmacy",NA,NA,NA,NA,"Makati",NA,NA,3267463740,"nodes",c(121.0253139, 14.5486862)
"Generika",NA,"pharmacy",NA,"pharmacy",NA,NA,NA,NA,"Las Piñas",NA,NA,1289226069,"nodes",c(120.9797439, 14.4509197)
"Paris Pharmacy",NA,"pharmacy",NA,NA,NA,NA,NA,NA,"Pasig",NA,NA,1965667296,"nodes",c(121.0802338, 14.5648566)
NA,NA,"dentist",NA,NA,NA,NA,NA,NA,"Taguig",NA,NA,6448950032,"nodes",c(121.0610991, 14.5133962)
"Cost You Less Pharmacy",NA,"pharmacy",NA,NA,NA,NA,NA,NA,"Taguig",NA,NA,6899531286,"nodes",c(121.0607203, 14.5131315)
"Calimag Pharmacy",NA,"pharmacy",NA,NA,NA,NA,NA,NA,"Taguig",NA,NA,11978824223,"nodes",c(121.0607193, 14.5131487)
"Generika",NA,"pharmacy",NA,"pharmacy",NA,NA,NA,NA,"Taguig",NA,NA,6425879549,"nodes",c(121.0608922, 14.5138396)
"Sandbox Clinic",NA,NA,NA,"speech_therapist;occupational_therapist;physiotherapist",NA,NA,NA,NA,"Taguig","PASP;local knowledge",NA,11169595654,"nodes",c(121.0507703, 14.5499118)
"Generika",NA,"pharmacy",NA,"pharmacy",NA,NA,NA,NA,"Marikina",NA,NA,2381951714,"nodes",c(121.1127469, 14.6600639)
"Generika",NA,"pharmacy",NA,"pharmacy",NA,NA,NA,NA,"Galas, Quezon City",NA,NA,3597024383,"nodes",c(121.0071208, 14.6130553)
"TGP",NA,"pharmacy",NA,"pharmacy",NA,NA,NA,NA,"Quezon City",NA,NA,962802327,"nodes",c(120.9988561, 14.6233954)
"Francisco Family Clinic",NA,"doctors",NA,NA,"gynaecology",NA,NA,NA,"Paranaque",NA,NA,2478699596,"nodes",c(120.9934504, 14.5035427)
"Bless Learning Resources",NA,NA,NA,"speech_therapist;occupational_therapist;physiotherapist",NA,NA,NA,NA,"Quezon City","PASP",NA,11171985875,"nodes",c(121.0031244, 14.6409812)
"Mercury Drug",NA,"pharmacy",NA,"pharmacy",NA,NA,NA,NA,"Quezon City",NA,NA,1059290448,"nodes",c(121.0804244, 14.7043981)
"Dr. J.F. Cadiz Healthy Clinic",NA,"clinic",NA,NA,NA,NA,NA,NA,"Marikina",NA,NA,3593959629,"nodes",c(121.0942803, 14.6405753)
"Generika",NA,"pharmacy",NA,"pharmacy",NA,NA,NA,NA,"Valenzuela",NA,NA,5720515674,"nodes",c(120.9568368, 14.7180381)
"Briguela Generics Pharmacy",NA,"pharmacy",NA,"pharmacy",NA,NA,NA,NA,"Valenzuela",NA,NA,6504240241,"nodes",c(120.9563051, 14.7174427)
"Salinio",NA,"pharmacy",NA,"pharmacy",NA,NA,NA,NA,"Taguig",NA,NA,6425879536,"nodes",c(121.0581416, 14.5173591)
"Watsons",NA,"pharmacy",NA,"pharmacy",NA,NA,NA,NA,"Manila",NA,NA,7568410673,"nodes",c(120.9818755, 14.6054889)
"Southstar Drug",NA,"pharmacy",NA,"pharmacy",NA,NA,NA,NA,"Pasig",NA,NA,1051999952,"nodes",c(121.0760561, 14.5663864)
"Acu Care Center",NA,"clinic",NA,"alternative","acupuncture",NA,NA,NA,"San Juan",NA,NA,8923094174,"nodes",c(121.052889, 14.6046087)
"Wilson Pharmacy",NA,"pharmacy",NA,NA,NA,NA,NA,NA,"Quezon City","jettp0gi",NA,1137631260,"nodes",c(121.0167166, 14.6192779)
"TGP",NA,"pharmacy",NA,"pharmacy",NA,NA,NA,NA,"Pasig",NA,NA,1319882693,"nodes",c(121.0749474, 14.5514818)
"BDM Diagnostic Center",NA,NA,NA,"laboratory",NA,NA,NA,NA,"Pasig",NA,NA,1983704725,"nodes",c(121.0707468, 14.5663336)
"Prezmar Pharmacy",NA,"pharmacy",NA,"pharmacy",NA,NA,NA,NA,"Taguig",NA,NA,6166580754,"nodes",c(121.076771, 14.524587)
"Centerport Medical Services Inc.",NA,"clinic",NA,"clinic",NA,NA,NA,NA,"Manila",NA,NA,7091739288,"nodes",c(120.9787381, 14.579475)
"Palina Medical Clinic",NA,"doctors",NA,NA,NA,NA,NA,NA,"Taguig",NA,NA,6420196418,"nodes",c(121.0737559, 14.522833)
"Philippine General Hospital",NA,NA,NA,"psychotherapist",NA,"government",NA,"University of the Philippines Manila Taft Avenue, Manila","Manila",NA,NA,7072149585,"nodes",c(120.9858757, 14.5781315)
"Rich-B Pharmacy",NA,"pharmacy",NA,"pharmacy",NA,NA,NA,NA,"Manila","Walking Papers",NA,1058992622,"nodes",c(120.9855181, 14.5821875)
"QLCR Clinic",NA,"doctors",NA,"doctor",NA,NA,NA,NA,"Marikina",NA,NA,974331527,"nodes",c(121.1072952, 14.6508843)
NA,NA,"doctors",NA,"doctor",NA,NA,NA,NA,"Taguig",NA,NA,6366495420,"nodes",c(121.0543207, 14.4947111)
"Payong Angeles Lying Inn",NA,NA,NA,"midwife",NA,NA,NA,NA,"Taguig",NA,NA,6380993952,"nodes",c(121.0598655, 14.4968196)
"Divine Mercy The Home That Cares Inc. - Plainview",NA,NA,NA,"psychotherapist",NA,NA,NA,"515, Katarungan Street, Barangay Plainview, Mandaluyong, 1550 Metro Manila",NA,NA,NA,7140711185,"nodes",c(121.0324126, 14.575441)
"Mercury Drug",NA,"pharmacy",NA,"pharmacy",NA,NA,NA,NA,"Muntinlupa",NA,NA,404110939,"nodes",c(121.030061, 14.4227116)
"Generika",NA,"pharmacy",NA,"pharmacy",NA,NA,NA,NA,"Taguig",NA,NA,6366495439,"nodes",c(121.0511067, 14.494005)
"Mercury Drug",NA,"pharmacy",NA,"pharmacy",NA,NA,NA,NA,"Marikina",NA,NA,748188289,"nodes",c(121.1135963, 14.6595504)
"Botica Salvacion",NA,"pharmacy",NA,NA,NA,NA,NA,NA,"Las Piñas",NA,NA,1311929361,"nodes",c(120.9944892, 14.4567259)
"Ob-gyne & Ultrasound Clinic",NA,"doctors",NA,NA,NA,NA,NA,NA,"Taguig","interpolation",NA,10269023738,"nodes",c(121.053757, 14.5054314)
"Dovecare",NA,"pharmacy",NA,NA,NA,NA,NA,NA,"Mandaluyong",NA,NA,1646705743,"nodes",c(121.027855, 14.5750844)
"Clinic 1276",NA,"doctors",NA,"doctor",NA,"private",NA,NA,"Taguig","https://www.webbline.com/hiv-testing-centers/",NA,8345877665,"nodes",c(121.0486253, 14.5553381)
"Mercury Drug",NA,"pharmacy",NA,"pharmacy",NA,NA,NA,NA,"Parañaque",NA,NA,653090446,"nodes",c(121.0008304, 14.4746716)
"Morimata Dental Clinic",NA,"dentist",NA,NA,NA,NA,NA,NA,"Parañaque","interpolation",NA,10277056219,"nodes",c(121.0301502, 14.4849525)
"Health Connection",NA,"clinic",NA,"clinic",NA,NA,NA,NA,"Pasig",NA,NA,929793107,"nodes",c(121.1043557, 14.6069641)
"Skill Builders Therapy Services Corp.",NA,NA,NA,"occupational_therapist",NA,NA,NA,NA,"Manila","PAOT",NA,1590273071,"nodes",c(120.9907115, 14.5738475)
"Watsons",NA,"pharmacy",NA,NA,NA,NA,NA,NA,"Marikina",NA,NA,10647910555,"nodes",c(121.1155913, 14.6513459)
"Doña Marta Lying-in Clinic",NA,NA,NA,"birthing_centre",NA,NA,NA,NA,"Pasay",NA,NA,10617347333,"nodes",c(121.0018227, 14.536148)
"Remar Rehabilitation Center Inc.",NA,NA,NA,"psychotherapist",NA,NA,NA,"10 Katmon St. Amparo Vill. 179 Caloocan City Metro Manila",NA,NA,NA,7977244185,"nodes",c(121.076398, 14.754408)
"Maysan Health Station",NA,NA,NA,"centre","general",NA,NA,NA,"Valenzuela",NA,NA,9952551809,"nodes",c(120.9798476, 14.698369)
"Generika",NA,"pharmacy",NA,"pharmacy",NA,NA,NA,NA,"San Juan Batangas",NA,NA,6936397689,"nodes",c(121.3933463, 13.8255166)
"CentroCare Pharmacy",NA,"pharmacy",NA,"pharmacy",NA,NA,NA,NA,"San Juan Batangas",NA,NA,6936415973,"nodes",c(121.3942297, 13.8255105)
"TGP",NA,"pharmacy",NA,"pharmacy",NA,NA,NA,NA,"Kamuning, Quezon City",NA,NA,4976188768,"nodes",c(121.035181, 14.6278132)
"The Medical City",NA,NA,NA,"yes",NA,NA,NA,NA,"Quezon City",NA,NA,5468422021,"nodes",c(121.034417, 14.6348799)
"CAH Medical Clinic",NA,"clinic",NA,"clinic",NA,NA,NA,NA,"Quezon City",NA,NA,3638341022,"nodes",c(121.0016973, 14.6334038)
"Farmacia ni Dok",NA,"pharmacy",NA,"pharmacy",NA,NA,NA,NA,"Quezon City",NA,NA,3638341021,"nodes",c(121.0017079, 14.6333387)
"Hi-Precision Diagnostics",NA,NA,NA,"laboratory",NA,NA,NA,NA,"Quezon City",NA,NA,5514325010,"nodes",c(121.0029756, 14.6385025)
"East Avenue Medical Center",NA,NA,NA,"psychotherapist",NA,NA,NA,"East Avenue, Diliman, Quezon City",NA,NA,NA,6466260685,"nodes",c(121.0479335, 14.6419049)
"Generika",NA,"pharmacy",NA,"pharmacy",NA,NA,NA,NA,"Quezon City",NA,NA,6612896421,"nodes",c(121.0850502, 14.6864165)
"St. Isabel Polyclinic and Laboratory",NA,"doctors",NA,"doctor",NA,NA,NA,NA,"Marikina",NA,NA,600643347,"nodes",c(121.0942779, 14.6355093)
"Integrative Medicine for Alternative Healthcare Systems",NA,"doctors",NA,"doctor",NA,NA,NA,NA,"Quezon City",NA,NA,5869716085,"nodes",c(121.0485298, 14.6389114)
"P. Bernardo Health Center",NA,"clinic",NA,"clinic",NA,"government",NA,NA,"Quezon City",NA,NA,8345260775,"nodes",c(121.0466538, 14.6279988)
"Westmed Diagnostic Clinic",NA,"clinic",NA,"clinic",NA,NA,NA,NA,"Quezon City",NA,NA,1157622554,"nodes",c(121.0293825, 14.653576)
"Valiant Care Diagnostic Laboratory",NA,NA,NA,"laboratory",NA,NA,NA,NA,"Quezon City",NA,NA,7310810132,"nodes",c(121.0807586, 14.6793679)
"Dev Hub Child Intervention Center",NA,NA,NA,"speech_therapist;occupational_therapist",NA,NA,NA,NA,"Taguig","PASP",NA,11172030791,"nodes",c(121.0522248, 14.5477135)
"Psychpros",NA,NA,NA,"psychotherapist",NA,NA,NA,"Greenhills Mansion, 37 Annapolis, San Juan",NA,NA,NA,5864731685,"nodes",c(121.0523814, 14.6045)
"Vitrotech Diagnostic Center",NA,NA,NA,"laboratory",NA,NA,NA,NA,"Quezon City",NA,NA,8589194764,"nodes",c(121.0198639, 14.6737488)
"DDR Pharmacy",NA,"pharmacy",NA,NA,NA,NA,NA,NA,"Taguig",NA,NA,10593670966,"nodes",c(121.0547561, 14.5216353)
"Caireen Jao Dental Care",NA,"dentist",NA,"dentist",NA,NA,NA,NA,"Quezon City",NA,NA,8359029609,"nodes",c(121.0333984, 14.6721483)
"Sacred Angel",NA,"clinic",NA,"clinic",NA,NA,NA,NA,"Quezon City",NA,NA,255064315,"nodes",c(121.0686784, 14.7353252)
"Grace Halfway Home Inc.",NA,NA,NA,"psychotherapist",NA,NA,NA,"46 Camaro St. Corner Escort St. Fairview Quezon City",NA,NA,NA,7975906785,"nodes",c(121.0710793, 14.7031063)
"A.I. Abilities and Intelligences Therapy Center",NA,NA,NA,"speech_therapist;occupational_therapist",NA,NA,NA,NA,"Quezon City","paot;pasp",NA,11143976557,"nodes",c(121.0629761, 14.7091833)
"DGT One Dental Center",NA,"dentist",NA,NA,NA,NA,NA,NA,"Quezon City","extrapolation",NA,10096700298,"nodes",c(121.0749292, 14.7049123)
"Windsor International Maritime Clinic, Inc.",NA,"clinic",NA,"clinic",NA,NA,NA,NA,"Manila",NA,NA,4430464489,"nodes",c(120.9739471, 14.5904904)
"St. John of God",NA,"clinic",NA,NA,NA,NA,NA,NA,"Manila",NA,NA,4177404041,"nodes",c(120.9879385, 14.5989587)
"St. Cecilia Polyclinic",NA,"clinic",NA,NA,NA,"private",NA,NA,"Manila",NA,NA,7039898986,"nodes",c(120.9804781, 14.5790697)
"Watsons",NA,"pharmacy",NA,"pharmacy",NA,NA,NA,NA,"Manila",NA,NA,9560533212,"nodes",c(120.9841431, 14.5695279)
"PsychConsult Inc.",NA,NA,NA,"psychotherapist",NA,NA,NA,"Unit 227 Regalia Park Towers, 150 P. Tuazon Blvd. Cubao, Quezon City","Quezon City",NA,NA,4364952295,"nodes",c(121.0534874, 14.6158865)
"EMMAUS Center for Psycho-Spiritual Formation",NA,NA,NA,"psychotherapist",NA,"private",NA,"Ateneo de Manila University Campus, Seminary Drive, Loyola Heights, Quezon City",NA,NA,NA,7140716383,"nodes",c(121.0801064, 14.6361799)
"Mercury Drug",NA,"pharmacy",NA,"pharmacy",NA,NA,NA,NA,"Mandaluyong",NA,NA,10137299998,"nodes",c(121.0332213, 14.5913227)
"K2 Pharmacy",NA,"pharmacy",NA,"pharmacy",NA,NA,NA,NA,"Manila",NA,NA,1302138971,"nodes",c(120.9628481, 14.6340222)
"TGP",NA,"pharmacy",NA,"pharmacy",NA,NA,NA,NA,"Valenzuela",NA,NA,7321460885,"nodes",c(120.9914312, 14.7074686)
"South Star Drug",NA,"pharmacy",NA,NA,NA,NA,NA,NA,"Manila",NA,NA,5902149219,"nodes",c(120.9669158, 14.6080124)
"Mercury Drug",NA,"pharmacy",NA,"pharmacy",NA,NA,NA,NA,"Manila",NA,NA,658825129,"nodes",c(120.9709347, 14.622933)
"Romero Dental Center",NA,"dentist",NA,NA,NA,NA,NA,NA,"Quezon City","extrapolation",NA,10052880949,"nodes",c(121.0322427, 14.696426)
"Mercury Drug",NA,"pharmacy",NA,"pharmacy",NA,NA,NA,NA,"Manila",NA,NA,1350400070,"nodes",c(121.0171049, 14.6037351)
"FJO - TMJ Esthetics Dental Clinic",NA,"dentist",NA,NA,NA,NA,NA,NA,"Manila",NA,NA,3601536664,"nodes",c(120.9880908, 14.603698)
"Sgm Drugstore",NA,"pharmacy",NA,NA,NA,NA,NA,NA,"Quezon City","jklinc",NA,255051892,"nodes",c(121.0222188, 14.6445715)
"J. P. Sioson General Hospital And Colleges",NA,"hospital",NA,NA,NA,NA,NA,NA,"Quezon City","jklinc",NA,255063024,"nodes",c(121.0250945, 14.6599034)
"Watsons",NA,"pharmacy",NA,NA,NA,NA,NA,NA,"Manila",NA,NA,4089307761,"nodes",c(120.9922069, 14.567382)
"Mercury Drug",NA,"pharmacy",NA,"pharmacy",NA,NA,NA,NA,"Makati",NA,NA,425502301,"nodes",c(121.0199127, 14.5564228)
"The Zen Insitute Medical Spa",NA,"clinic",NA,NA,NA,NA,NA,NA,"Quezon City",NA,NA,1627781284,"nodes",c(121.0361417, 14.6339559)
"Skin Optima",NA,"clinic",NA,NA,NA,NA,NA,NA,"Quezon City",NA,NA,5045391444,"nodes",c(121.0385015, 14.6334341)
"Mercury Drug",NA,"pharmacy",NA,"pharmacy",NA,NA,NA,NA,"Quezon City","jklinc",NA,255050237,"nodes",c(121.0498626, 14.6211192)
"Mercury Drug",NA,"pharmacy",NA,"pharmacy",NA,NA,NA,NA,"Manila",NA,NA,255065755,"nodes",c(120.989051, 14.61399)
"Mercury Drug",NA,"pharmacy",NA,"pharmacy",NA,NA,NA,NA,"Manila",NA,NA,1423129483,"nodes",c(120.9900257, 14.6128507)
"Our Lady of Mercy Hospital",NA,"hospital",NA,NA,NA,NA,NA,NA,"Quezon City",NA,NA,255059925,"nodes",c(121.0397952, 14.721521)
"Diversabilities Therapy Center",NA,NA,NA,"speech_therapist;occupational_therapist",NA,NA,NA,NA,"Quezon City","PASP",NA,11171965931,"nodes",c(121.0342178, 14.6349741)
"UST Graduate School Psychotrauma Clinic",NA,NA,NA,"psychotherapist","psychiatry",NA,NA,"Ground floor, Thomas Aquinas Research Complex Building, UST, España Boulevard, Sampaloc, Manila","Manila",NA,NA,7140652555,"nodes",c(120.9871038, 14.610202)
"CNK",NA,"pharmacy",NA,NA,NA,NA,NA,NA,"Manila",NA,NA,3600640402,"nodes",c(120.9902769, 14.6032259)
"The Generics Pharmacy",NA,"pharmacy",NA,"pharmacy",NA,NA,NA,NA,"Las Piñas",NA,NA,1524998511,"nodes",c(120.9836493, 14.4484242)
"Asian Dental Supply",NA,"dentist",NA,NA,NA,NA,NA,NA,"Manila",NA,NA,2433697575,"nodes",c(120.9810877, 14.603537)
"Ventura Dental Clinic",NA,"dentist",NA,"dentist",NA,NA,NA,NA,"Muntinlupa",NA,NA,5359009500,"nodes",c(121.0467216, 14.4071897)
"Muntinlupa Social Hygiene Clinic",NA,"clinic",NA,"clinic",NA,"government",NA,NA,"Muntinlupa",NA,NA,7304023924,"nodes",c(121.044746, 14.3959426)
"CaraDERMe",NA,"doctors",NA,NA,NA,NA,NA,NA,"Makati",NA,NA,7055193526,"nodes",c(121.0259354, 14.5629382)
"Mercury Drug",NA,"pharmacy",NA,"pharmacy",NA,NA,NA,NA,"Las Piñas",NA,NA,3159878103,"nodes",c(121.0116967, 14.3764294)
"Agoncillo Medical Clinic",NA,"clinic",NA,"clinic",NA,NA,NA,NA,"Manila",NA,NA,7123860186,"nodes",c(120.9912946, 14.5753298)
"TGP","TGP","pharmacy",NA,"pharmacy",NA,NA,NA,NA,"Manila",NA,NA,6525653878,"nodes",c(120.9991573, 14.6002893)
"Creative Minds Learning and Therapy Center",NA,NA,NA,"speech_therapist;occupational_therapist;physiotherapist",NA,NA,NA,NA,"Parañaque","PASP",NA,11169595958,"nodes",c(121.0094189, 14.4688308)
"Enfuego Christian Academy (Excel Center)",NA,NA,NA,"speech_therapist;occupational_therapist",NA,NA,NA,NA,"Parañaque","PASP",NA,11166824763,"nodes",c(121.0158699, 14.455112)
"Watsons",NA,"pharmacy",NA,"pharmacy",NA,NA,NA,NA,"Makati",NA,NA,3149117129,"nodes",c(121.0195769, 14.5575267)
"Learning Train Center",NA,NA,NA,"speech_therapist;occupational_therapist",NA,NA,NA,NA,"Quezon City","PASP",NA,11171989504,"nodes",c(121.0784782, 14.6081331)
"Learning Train Center",NA,NA,NA,"speech_therapist;occupational_therapist",NA,NA,NA,NA,"Quezon City","PASP",NA,11166766004,"nodes",c(121.0786521, 14.6080786)
"Healthway Office",NA,"clinic",NA,NA,NA,NA,NA,NA,"Makati",NA,NA,4553695593,"nodes",c(121.0177319, 14.5562878)
"Central Bicutan Super Health Center",NA,"clinic",NA,"clinic",NA,NA,NA,NA,"Taguig",NA,NA,8613867533,"nodes",c(121.0509856, 14.4936846)
"Quality Care Dental Optical Clinic",NA,"doctors",NA,"doctor;dentist",NA,NA,NA,NA,"Taguig",NA,NA,6364087172,"nodes",c(121.0503701, 14.4966629)
"Ojales Dental Clinic",NA,"dentist",NA,NA,NA,NA,NA,NA,"Mandaluyong",NA,NA,2965918169,"nodes",c(121.0326194, 14.5692439)
"Mercury Drug Store",NA,"pharmacy",NA,"pharmacy",NA,NA,NA,NA,"Pasig",NA,NA,1337361512,"nodes",c(121.0855238, 14.5904762)
"Mercury Drug",NA,"pharmacy",NA,"pharmacy",NA,NA,NA,NA,"Parañaque",NA,NA,403674540,"nodes",c(121.0076296, 14.4564168)
"Divine Mercy The Home That Cares Inc. - New Zaniga",NA,NA,NA,"psychotherapist",NA,"private",NA,"453 Boni Avenue, Barangay New Zaniga, Mandaluyong City",NA,NA,NA,7140670685,"nodes",c(121.0281613, 14.5836548)
"Patient's Choice Medical and Industrial Laboratory",NA,NA,NA,"laboratory",NA,NA,NA,NA,"Manila",NA,NA,3077651789,"nodes",c(121.0174847, 14.5846144)
"DOH Treatment and Rehabilitation Center Bicutan",NA,NA,NA,"rehabilitation","psychotherapist",NA,NA,"Camp Bagong Diwa, Lower Bicutan, Taguig",NA,NA,NA,7155360285,"nodes",c(121.0577798, 14.4861321)
"Manila Public Health Laboratory",NA,NA,NA,"laboratory",NA,"government",NA,NA,"Manila",NA,NA,7039847486,"nodes",c(120.9813989, 14.6130517)
"UST Hospital Clinical Division",NA,"hospital",NA,"hospital",NA,NA,NA,NA,"Manila","GPS",NA,255051235,"nodes",c(120.9898193, 14.6122477)
"University of the East Ramon Magsaysay (UERM) Memorial Medical Center College of Medicine",NA,NA,NA,"psychotherapist","psychiatry","private","307","64 Aurora Blvd, Quezon City","Quezon City",NA,NA,7140642923,"nodes",c(121.0207176, 14.606641)
"St. Luke's Medical Center Quezon City",NA,NA,NA,"psychotherapist","general","private",NA,"279 E Rodriguez Sr. Ave, Quezon City, 1112 Metro Manila","Quezon City",NA,NA,6466260985,"nodes",c(121.0231956, 14.6230026)
"Farmacia Ortega",NA,"pharmacy",NA,NA,NA,NA,NA,NA,"Manila",NA,NA,3076893653,"nodes",c(121.0137258, 14.5809965)
"Acebedo General Hospital",NA,"hospital",NA,NA,NA,NA,NA,NA,"Valenzuela",NA,NA,255070486,"nodes",c(121.0051496, 14.7188033)
"New World Diagnostics",NA,"clinic",NA,"clinic",NA,NA,NA,NA,"Manila",NA,NA,11546812443,"nodes",c(120.9870525, 14.5786793)
"TGP",NA,"pharmacy",NA,"pharmacy",NA,NA,NA,NA,"Caloocan",NA,NA,12343293756,"nodes",c(120.9700358, 14.6510353)
"Estallo Pharmacy",NA,"pharmacy",NA,NA,NA,NA,NA,"2846 Aurora Boulevard, Sta. Cruz, Manila",NA,NA,NA,11747053349,"nodes",c(120.9833007, 14.6289451)
"Learning Camp Therapy Center",NA,NA,NA,"occupational_therapist",NA,NA,NA,NA,"Quezon City","PAOT",NA,11171990858,"nodes",c(121.0092558, 14.6212244)
"Alternative Learning Resource School-Philippines (ALRES-PHILS), Inc.",NA,NA,NA,"speech_therapist;occupational_therapist;physiotherapist",NA,NA,NA,NA,"Quezon City","PASP;local knowledge",NA,11171995821,"nodes",c(121.0073407, 14.621092)
"Tajonera Dental Center",NA,"dentist",NA,"dentist",NA,NA,NA,NA,"San Juan",NA,NA,8757739459,"nodes",c(121.0419132, 14.6046211)
"Collaborative Learning Lab(COLLAB)",NA,NA,NA,"speech_therapist;occupational_therapist;physiotherapist",NA,NA,NA,NA,"San Juan","PASP",NA,11166785744,"nodes",c(121.0452586, 14.6023935)
"Mercury Drug",NA,"pharmacy",NA,"pharmacy",NA,NA,NA,NA,"Quezon City",NA,NA,4223957616,"nodes",c(121.0031731, 14.6385388)
"San Juan City Social Hygiene Clinic",NA,"clinic",NA,"clinic",NA,"government",NA,NA,"San Juan",NA,NA,7123670686,"nodes",c(121.0249169, 14.5983756)
"Roads and Bridges to Recovery",NA,NA,NA,"psychotherapist","psychiatry","private",NA,NA,"Pasig",NA,NA,255064219,"nodes",c(121.08403, 14.58231)
"Calle-piramide Medical Clinic",NA,"doctors",NA,"doctor",NA,NA,NA,NA,"Pasig",NA,NA,255069045,"nodes",c(121.0844031, 14.5817269)
"Zia Dental Clinic",NA,"dentist",NA,"dentist",NA,NA,NA,NA,"Quezon City",NA,NA,8625913597,"nodes",c(121.0318469, 14.6886224)
"100 Generic Pharmacy",NA,"pharmacy",NA,NA,NA,NA,NA,NA,"Quezon City","extrapolation",NA,10110842728,"nodes",c(121.0383417, 14.7202353)
"Mercury Drug",NA,NA,NA,"pharmacy",NA,NA,NA,NA,"San Juan, Metro Manila",NA,NA,4217163490,"nodes",c(121.0502307, 14.6021755)
"University Physicians Medical Center",NA,NA,NA,"psychotherapist",NA,NA,NA,NA,"Manila",NA,NA,7155274086,"nodes",c(120.98591, 14.5778123)
"Mercury Drug",NA,"pharmacy",NA,"pharmacy",NA,NA,NA,NA,"Valenzuela",NA,NA,5742929161,"nodes",c(120.9577026, 14.718841)
"Lifeway Dental Clinic",NA,"dentist",NA,"dentist",NA,NA,NA,NA,"Manila",NA,NA,5764569845,"nodes",c(120.9891835, 14.5683638)
"Mercury Drug",NA,"pharmacy",NA,"pharmacy",NA,NA,NA,NA,"Taguig",NA,NA,1169222379,"nodes",c(121.056387, 14.5491736)
"Mercury Drug",NA,"pharmacy",NA,"pharmacy",NA,NA,NA,NA,"Taguig",NA,NA,454060826,"nodes",c(121.0556388, 14.55083)
"Mercury Drug",NA,"pharmacy",NA,"pharmacy",NA,NA,NA,NA,"Parañaque",NA,NA,1275867032,"nodes",c(121.0430478, 14.4542161)
"TGP",NA,"pharmacy",NA,"pharmacy",NA,NA,NA,NA,"Parañaque",NA,NA,2327826253,"nodes",c(121.0427835, 14.4543805)
"Mercury Drug",NA,"pharmacy",NA,"pharmacy",NA,NA,NA,NA,"Manila",NA,NA,4270754592,"nodes",c(120.9799326, 14.5999459)
"East Ob-Gyne Center",NA,NA,NA,"clinic",NA,NA,NA,NA,"Quezon City",NA,NA,7328546988,"nodes",c(121.0592006, 14.6339028)
"Pas Lying-in",NA,"doctors",NA,NA,NA,NA,NA,NA,"Marikina",NA,NA,949366094,"nodes",c(121.0905394, 14.6360921)
"St. Luke's Medical Center Extension Clinic",NA,"clinic",NA,"clinic",NA,NA,NA,NA,"Manila",NA,NA,1377329390,"nodes",c(120.9818473, 14.5791471)
"Mervis Drug",NA,"pharmacy",NA,NA,NA,NA,NA,NA,"Marikina",NA,NA,949366060,"nodes",c(121.0859357, 14.6341146)
"Teresita Angeles Orallo Lying In Clinic",NA,NA,NA,"midwife",NA,NA,NA,NA,"Taguig",NA,NA,6366495429,"nodes",c(121.0568417, 14.4944903)
"King Dental Office",NA,"dentist",NA,NA,NA,NA,NA,NA,"Quezon City",NA,NA,3638249926,"nodes",c(121.0006355, 14.6398812)
"Mercury Drug",NA,"pharmacy",NA,NA,NA,NA,NA,NA,"Pasay",NA,NA,1915894692,"nodes",c(120.9941196, 14.5463111)
"Pasay City Social Hygiene Clinic",NA,"doctors",NA,NA,NA,"Pasay City Health Office",NA,NA,"Pasay",NA,NA,7039932585,"nodes",c(120.9953871, 14.5438684)
"South Star Drug",NA,"pharmacy",NA,"pharmacy",NA,NA,NA,NA,"Quezon City",NA,NA,340863688,"nodes",c(121.0708307, 14.6117937)
"Paranaque Anti Drug Abuse Council Holding",NA,NA,NA,"psychotherapist",NA,NA,NA,"Paranaque City Hall Complex, San Martin de Porres Street, San Antonio, Sucat, San Antonio, Paranaque","Parañaque",NA,NA,7140649110,"nodes",c(121.0224333, 14.4707627)
"Mother Teresa Parish Clinic","Mother Teresa Parish Clinic","clinic",NA,"clinic",NA,NA,NA,NA,"Muntinlupa City",NA,NA,5045614536,"nodes",c(121.0421189, 14.4347945)
"TGP",NA,"pharmacy",NA,"pharmacy",NA,NA,NA,NA,"Muntinlupa",NA,NA,11901430491,"nodes",c(121.0436645, 14.4342737)
"South Star Drug",NA,"pharmacy",NA,"pharmacy",NA,NA,NA,NA,"Pasay City",NA,NA,926345187,"nodes",c(121.0060101, 14.5431213)
"Play Explorers Therapy Center",NA,NA,NA,"speech_therapist;occupational_therapist;physiotherapist",NA,NA,NA,NA,"Makati","PASP;local knowledge",NA,11171898785,"nodes",c(121.0149193, 14.5428335)
"The Able Center, Inc.",NA,NA,NA,"speech_therapist;occupational_therapist;physiotherapist",NA,NA,NA,NA,"Makati","PAOT",NA,11166792386,"nodes",c(121.0083725, 14.5660474)
"Smile Republic",NA,"dentist",NA,NA,NA,NA,NA,NA,"Pateros",NA,NA,9840135286,"nodes",c(121.067107, 14.5429523)
"Castillo's",NA,"dentist",NA,NA,NA,NA,NA,NA,"Pateros","extrapolation",NA,9840135288,"nodes",c(121.0673139, 14.543074)
"Avila Pharmacy",NA,"pharmacy",NA,NA,NA,NA,NA,NA,"Pateros","extrapolation",NA,9840131209,"nodes",c(121.0649867, 14.544118)
"W Skin",NA,"doctors",NA,NA,"dermatology",NA,NA,NA,"San Juan",NA,NA,13399637234,"nodes",c(121.0407205, 14.5946662)
"Dental Bee",NA,"dentist",NA,NA,NA,NA,NA,NA,"Pasay","interpolation",NA,10617210850,"nodes",c(121.0020624, 14.5479942)
"Loktao Drug Store",NA,"pharmacy",NA,"pharmacy",NA,NA,NA,NA,"Pasay",NA,NA,13155317638,"nodes",c(121.0006379, 14.537025)
"Mercury Drug",NA,"pharmacy",NA,"pharmacy",NA,NA,NA,NA,"Manila",NA,NA,4185603083,"nodes",c(120.978163, 14.5972716)
"Lifemed Clinics and GB Diagnostics",NA,"doctors",NA,NA,NA,NA,NA,NA,"Makati",NA,NA,436303637,"nodes",c(121.0071205, 14.5572816)
"South Star Drug",NA,"pharmacy",NA,NA,NA,NA,NA,NA,"Mandaluyong",NA,NA,1859742275,"nodes",c(121.0233457, 14.5896465)
"Childfam-Possibilities Psychosocial Services",NA,NA,NA,"psychotherapist","psychiatry","private",NA,NA,"Quezon City",NA,NA,7140697653,"nodes",c(121.0257386, 14.63798)
"TGP","TGP","pharmacy",NA,"pharmacy",NA,NA,NA,NA,"Manila","extrapolation",NA,5188670121,"nodes",c(120.9980245, 14.5668852)
"Brightminds Early Intervention Center Inc.",NA,NA,NA,"speech_therapist;occupational_therapist;physiotherapist",NA,NA,NA,NA,"Makati","PASP",NA,11171867623,"nodes",c(121.0285181, 14.5665025)
"The Vanguard Academy",NA,NA,NA,"speech_therapist",NA,NA,NA,NA,"Makati","PASP",NA,11171902112,"nodes",c(121.0422874, 14.5626432)
"Grow Center for Therapy & Learning Programs",NA,NA,NA,"speech_therapist",NA,NA,NA,NA,"San Juan","PASP",NA,11171956129,"nodes",c(121.038563, 14.6039854)
"Thinkids",NA,NA,NA,"speech_therapist;occupational_therapist;physiotherapist",NA,NA,NA,NA,"Quezon City","PAOT",NA,11171968317,"nodes",c(121.0339433, 14.6276321)
"Good Soil Therapy Center",NA,NA,NA,"speech_therapist;occupational_therapist",NA,NA,NA,NA,"Malabon","PASP",NA,11171998553,"nodes",c(120.9844534, 14.6623828)
"Center for Family Ministries",NA,NA,NA,"psychotherapist",NA,NA,NA,"Spiritual-Pastoral Center  Ateneo de Manila University Campus  Loyola Heights, Quezon City","Quezon City",NA,NA,7140634830,"nodes",c(121.0803533, 14.6364891)
"Magis Creative Spaces, Inc.",NA,NA,NA,"yes",NA,NA,NA,NA,"Muntinlupa","PAOT;local knowledge",NA,11169732087,"nodes",c(121.0278624, 14.4064439)
"New Bilibid Prison Drug Abuse Treatment and Rehabilitation Center",NA,NA,NA,"psychotherapist",NA,NA,NA,"New Bilibid Prison, Medium Security Compound, Muntinlupa City 1776",NA,NA,NA,7140716382,"nodes",c(121.02976, 14.381045)
"Pathways Psychological Assessment and Professional Learning",NA,NA,NA,"psychotherapist",NA,NA,NA,"Unit 4-C Marsk BLdg., Aurora BLvd. Kaunlaran New Manila, Quezon City","Quezon City",NA,NA,7140644867,"nodes",c(121.0399554, 14.6167764)
"People Dynamics, Inc.",NA,NA,NA,"psychotherapist",NA,NA,NA,"Unit 1602 OMM-CITRA Bldg., San Miguel Avenue, Ortigas Center, Pasig City","Pasig",NA,NA,7140643117,"nodes",c(121.0602819, 14.5818198)
"AAAI Assessment Psychologists, Inc.",NA,NA,NA,"psychotherapist","psychiatry",NA,NA,"3rd Floor, 337 Katipunan Avenue, Loyola Heights, Quezon City 1108","Quezon City",NA,NA,7140608259,"nodes",c(121.0743899, 14.6433824)
"Lopez Medical and X-ray Clinic, Inc.",NA,NA,NA,"psychotherapist","psychiatry","private",NA,"2F Casa Bella Bldg., 1046 Quezon Avenue Cor. Roces Ave., Quezon City","Quezon City",NA,NA,7140622260,"nodes",c(121.0200459, 14.6329143)
"Pasig City Rehabilitation Center for Drug Dependents",NA,NA,NA,"psychotherapist","psychiatry",NA,NA,"Caruncho Avenue, Barangay San Nicolas, 1600 Pasig City, Philippines","Pasig City",NA,NA,7140683393,"nodes",c(121.0815698, 14.5590483)
"National Center for Mental Health (Camarin Extension)",NA,NA,NA,"psychotherapist",NA,NA,NA,"Barugo, Caloocan City",NA,NA,NA,6454253886,"nodes",c(121.04312, 14.7686567)
NA,NA,"pharmacy",NA,NA,NA,NA,NA,NA,"Caloocan City",NA,NA,4245905290,"nodes",c(121.0587396, 14.7520329)
"Klinika Bernardo",NA,"doctors",NA,"doctor",NA,"ngo",NA,NA,"Quezon City",NA,NA,5197661975,"nodes",c(121.0466525, 14.6280352)
"P. Bernardo Social Hygiene Clinic",NA,"doctors",NA,"doctor",NA,"government",NA,NA,"Quezon City",NA,NA,8345260774,"nodes",c(121.0466538, 14.6280176)
"TGP",NA,"pharmacy",NA,"pharmacy",NA,NA,NA,NA,"Marikina",NA,NA,12642715157,"nodes",c(121.1248191, 14.6518565)
"Listen to Happiness Speech Therapy Center",NA,NA,NA,"speech_therapist;occupational_therapist;physiotherapist",NA,NA,NA,NA,"Quezon City","PASP",NA,11171967928,"nodes",c(121.0603787, 14.6168979)
"A.I. Abilities and Intelligences Therapy Center",NA,NA,NA,"speech_therapist;occupational_therapist",NA,NA,NA,NA,"Quezon City","PAOT;PASP",NA,11172006322,"nodes",c(121.0629456, 14.7092435)
"Aesthetic Science Quezon City",NA,"clinic",NA,"clinic","plastic_surgery;body","private",NA,NA,"Quezon City",NA,NA,13097871326,"nodes",c(121.0276207, 14.6348033)
"Pedrena Dental Clinic",NA,"dentist",NA,"dentist",NA,NA,NA,NA,"Quezon City",NA,NA,10951208636,"nodes",c(121.0182903, 14.6329432)
"Study Pals",NA,NA,NA,"speech_therapist;occupational_therapist",NA,NA,NA,NA,"Quezon City","PASP",NA,11171864770,"nodes",c(121.0737588, 14.6409413)
"Move and Think Therapy Specialists (MATTS) Manila",NA,NA,NA,"speech_therapist;occupational_therapist;physiotherapist",NA,NA,NA,NA,"San Juan","PASP",NA,11171877232,"nodes",c(121.0239342, 14.6043527)
"Philippine Mental Health Association, Inc.",NA,NA,NA,"occupational_therapist",NA,NA,NA,NA,"Quezon City","PAOT",NA,11171935769,"nodes",c(121.0467947, 14.6379651)
"Kids' Spot Learning and Therapy Center Inc",NA,NA,NA,"speech_therapist;occupational_therapist;physiotherapist",NA,NA,NA,NA,"Parañaque","PAOT;PASP",NA,11171887581,"nodes",c(121.0200155, 14.4469844)
"TDP Drug Store",NA,"pharmacy",NA,"pharmacy",NA,NA,NA,NA,"Parañaque",NA,NA,1263574299,"nodes",c(121.0006189, 14.4744595)
"Floro Generics Pharmacy",NA,"pharmacy",NA,"pharmacy",NA,NA,NA,NA,"Las Piñas",NA,NA,1311929350,"nodes",c(120.9946051, 14.4605959)
"Las Pinas City Social Hygiene Clinic",NA,"clinic",NA,"clinic",NA,"government",NA,NA,"Las Piñas",NA,NA,7091751386,"nodes",c(121.0134202, 14.4332939)
"Renelah's Drug Store",NA,"pharmacy",NA,NA,NA,NA,NA,NA,"Las Piñas",NA,NA,1728914864,"nodes",c(120.9913481, 14.4404518)
"The Aivee Clinic",NA,"clinic",NA,"clinic",NA,NA,NA,NA,"Muntinlupa",NA,NA,4029438341,"nodes",c(121.0345707, 14.4190167)
"JN Pharmacy",NA,"pharmacy",NA,"pharmacy",NA,NA,NA,NA,"Muntinlupa",NA,NA,1285083206,"nodes",c(121.043507, 14.4141844)
"Fronda Dental Clinic",NA,"dentist",NA,"dentist",NA,NA,NA,NA,"Muntinlupa",NA,NA,4665477971,"nodes",c(121.0467302, 14.4074514)
"The Generics Pharmacy",NA,"pharmacy",NA,"pharmacy",NA,NA,NA,NA,"Quezon City","extrapolation",NA,10091327474,"nodes",c(121.0639856, 14.6865616)
"Dr. Imelda Evangelista Maternity Clinic",NA,"doctors",NA,NA,NA,NA,NA,NA,"Pasig",NA,NA,1936701173,"nodes",c(121.0894903, 14.5558287)
"Haven of Learning Tutorial and Therapy Center Co.",NA,NA,NA,"yes",NA,NA,NA,NA,"Quezon City","PAOT;PASP",NA,11171401748,"nodes",c(121.0548199, 14.6690954)
"Quali-Scan",NA,NA,NA,"laboratory",NA,NA,NA,NA,"Taguig","interpolation",NA,10598260396,"nodes",c(121.0498061, 14.5004204)
"Mercury Drug",NA,"pharmacy",NA,"pharmacy",NA,NA,NA,NA,"Pasig",NA,NA,1067907646,"nodes",c(121.0745401, 14.5519108)
"Main Ave. Drugstore",NA,"pharmacy",NA,"pharmacy",NA,NA,NA,NA,"Parañaque",NA,NA,640910449,"nodes",c(121.0286656, 14.5028565)
"Generika Drugstore",NA,"pharmacy",NA,NA,NA,NA,NA,NA,"Parañaque",NA,NA,1250025496,"nodes",c(121.0286607, 14.4856869)
"Mercury Drug",NA,"pharmacy",NA,"pharmacy",NA,NA,NA,NA,"Parañaque",NA,NA,404111036,"nodes",c(121.0277144, 14.4448756)
"Prime Smile",NA,"dentist",NA,"dentist",NA,NA,NA,NA,"Taguig",NA,NA,6449465604,"nodes",c(121.0546558, 14.5212231)
"MediCard Clinic",NA,"clinic",NA,"clinic",NA,NA,NA,NA,"Makati",NA,NA,10975922966,"nodes",c(121.0146782, 14.5585433)
"D-J Doctor on Call",NA,"doctors",NA,NA,NA,NA,NA,NA,"Taguig",NA,NA,6449465590,"nodes",c(121.0547873, 14.5216237)
"Denteeth Dental Clinic",NA,"dentist",NA,NA,NA,NA,NA,NA,"Las Piñas",NA,NA,1748397815,"nodes",c(120.9939932, 14.4431282)
"Dentacare",NA,"dentist",NA,NA,NA,NA,NA,NA,"Pasay",NA,NA,3626486490,"nodes",c(120.9859115, 14.5339397)
"InterMed Healtcare",NA,"clinic",NA,"clinic",NA,NA,NA,NA,"Quezon City",NA,NA,1255073134,"nodes",c(121.0283432, 14.646921)
"Damayan Barangay Health Center",NA,"health_post",NA,"community_health_worker",NA,"public",NA,NA,"Quezon City",NA,NA,10198399100,"nodes",c(121.0147912, 14.6394041)
"Generika Drugstore",NA,"pharmacy",NA,NA,NA,NA,NA,NA,"Makati",NA,NA,1001644724,"nodes",c(121.0283376, 14.5626572)
"Drueco Pharmacy",NA,"pharmacy",NA,NA,NA,NA,NA,NA,"Quezon City","extrapolation",NA,9501022922,"nodes",c(121.0373861, 14.7219902)
"Our Lady of Lourdes Hospital",NA,NA,NA,"psychotherapist",NA,NA,NA,"46 P. Sanchez St, Santa Mesa, Manila",NA,NA,NA,7144543385,"nodes",c(121.0226407, 14.5949125)
"Clinica Dela Luz",NA,"clinic",NA,NA,NA,NA,NA,NA,"Manila",NA,NA,2126363196,"nodes",c(121.0185673, 14.5924357)
"The Family Clinic, Inc. Hospital",NA,NA,NA,"psychotherapist","psychiatry",NA,NA,"1474 Ma. Clara Street, Sampaloc, Manila","Manila",NA,NA,7140633643,"nodes",c(120.9869588, 14.6142832)
"Isidro Mendoza Health Center",NA,"clinic",NA,"doctor",NA,"public",NA,NA,"Manila",NA,NA,7328508989,"nodes",c(121.0045606, 14.5924531)
"Mercury Drug",NA,"pharmacy",NA,"pharmacy",NA,NA,NA,NA,"Manila",NA,NA,1415897681,"nodes",c(120.979969, 14.6322459)
"210 Intercon Diagnostic Center",NA,"clinic",NA,NA,NA,NA,NA,NA,"Quezon City",NA,NA,4574914790,"nodes",c(120.9953512, 14.6374707)
"Amisola Maternity Hospital",NA,"hospital",NA,NA,NA,NA,NA,NA,"Manila",NA,NA,1279209740,"nodes",c(120.9781047, 14.6328532)
NA,NA,NA,NA,"laboratory",NA,"private",NA,NA,"Manila",NA,NA,7039922585,"nodes",c(120.9798025, 14.5797017)
"Core Skills Therapy Center",NA,NA,NA,"speech_therapist;occupational_therapist",NA,NA,NA,NA,"Quezon City","PASP",NA,11171430064,"nodes",c(121.0321226, 14.6296741)
"TGP",NA,"pharmacy",NA,"pharmacy",NA,NA,NA,NA,"Manila",NA,NA,1268095722,"nodes",c(120.9882487, 14.5694771)
"South Star Drug",NA,"pharmacy",NA,NA,NA,NA,NA,NA,"Mandaluyong",NA,NA,7188430947,"nodes",c(121.0309938, 14.5796975)
"Quito Dental Clinic",NA,"dentist",NA,NA,NA,NA,NA,NA,"Caloocan",NA,NA,9949806242,"nodes",c(121.0177624, 14.7524052)
"Micah Clinic",NA,"hospital",NA,NA,NA,NA,NA,NA,"Manila",NA,NA,5746203921,"nodes",c(120.992672, 14.5728051)
"R.B. Jonga Medical Clinic",NA,"doctors",NA,NA,NA,NA,NA,NA,"Manila","extrapolation",NA,9816815262,"nodes",c(120.9989226, 14.5725971)
"Philippine General Hospital Psychiatry & Behavioral Medicine Department",NA,NA,NA,"psychotherapist",NA,"government",NA,"University of the Philippines Manila Taft Avenue, Manila","Manila",NA,NA,6466250085,"nodes",c(120.9853952, 14.5789065)
"Little House Therapy Clinic",NA,NA,NA,"speech_therapist;occupational_therapist;physiotherapist",NA,NA,NA,NA,"San Juan","PASP",NA,11171415722,"nodes",c(121.0384402, 14.5989887)
"RS Sevilla Pharmacy",NA,"pharmacy",NA,"pharmacy",NA,NA,NA,NA,"San Juan Batangas",NA,NA,6942420436,"nodes",c(121.3934661, 13.8249132)
"Ermin Garcia Health Center",NA,"doctors",NA,NA,NA,NA,NA,NA,"Quezon City",NA,NA,589927805,"nodes",c(121.0524197, 14.626099)
"LRB Medical & Maternity Clinic",NA,"clinic",NA,"clinic","maternity",NA,NA,NA,"Caloocan",NA,NA,9344493013,"nodes",c(121.0444569, 14.7655881)
"TGP",NA,"pharmacy",NA,"pharmacy",NA,NA,NA,NA,"Valenzuela",NA,NA,9953855193,"nodes",c(120.9799027, 14.6985877)
"Valenzuela Anti-Drug Abuse Council (VADAC)",NA,NA,NA,"psychotherapist",NA,NA,NA,"R. Jacinto Street in Barangay Canumay West, Valenzuela City",NA,NA,NA,7140716381,"nodes",c(120.9694237, 14.6912034)
"TGP",NA,"pharmacy",NA,"pharmacy",NA,NA,NA,NA,"Manila",NA,NA,925229092,"nodes",c(120.9628511, 14.6145258)
"Psych Profile Center for Psyhological Assessment Services",NA,NA,NA,"psychotherapist",NA,NA,NA,"Unit 203 Margarita Bldg., Masikap cor. Matalino St. UP Village, Quezon City",NA,NA,NA,7810097185,"nodes",c(121.0517695, 14.6448747)
"Fun Ranch Clinic",NA,"clinic",NA,"clinic",NA,NA,NA,NA,"Pasig",NA,NA,693234749,"nodes",c(121.0782776, 14.5880686)
"Health Cube Medical Clinics",NA,NA,NA,"laboratory",NA,"private",NA,NA,"San Juan",NA,NA,7039960185,"nodes",c(121.051797, 14.6030582)
"Mercury Drug",NA,"pharmacy",NA,"pharmacy",NA,NA,NA,NA,"San Juan",NA,NA,1270332347,"nodes",c(121.0514254, 14.6023941)
"City Mission / Father's House",NA,NA,NA,"psychotherapist",NA,"private",NA,"495 Chicago Street, Brookside Hills Subdivision, San Juan, Cainta, Rizal",NA,NA,NA,8044082885,"nodes",c(121.126577, 14.5882)
"Gamot Publiko",NA,"pharmacy",NA,"pharmacy",NA,NA,NA,NA,"Quezon City",NA,NA,4574914792,"nodes",c(121.0332846, 14.6132953)
"Lift-up Homecare Center",NA,NA,NA,"psychotherapist",NA,NA,NA,"1017 J.P. Rizal St., cor. Magestic St. Megabuck Bldg. Brgy. Concepcion 1, Marikina",NA,NA,NA,7597529685,"nodes",c(121.1056356, 14.6622374)
"Marikina City HIV Satellite Treatment Hub",NA,NA,NA,"clinic",NA,"government",NA,NA,"Marikina",NA,NA,7039846685,"nodes",c(121.0977204, 14.6361426)
"Generika",NA,"pharmacy",NA,"pharmacy",NA,NA,NA,NA,"Quezon City",NA,NA,7325388949,"nodes",c(121.0838554, 14.6781663)
"TGP",NA,"pharmacy",NA,"pharmacy",NA,NA,NA,NA,"Holy Spirit Quezon City",NA,NA,4235395189,"nodes",c(121.0819644, 14.6786786)
"Well Family Clinic",NA,"doctors",NA,NA,NA,NA,NA,NA,"Marikina",NA,NA,949366058,"nodes",c(121.0907664, 14.6360921)
"Bridgehall Community Center - Pasig",NA,NA,NA,"psychotherapist","psychiatry",NA,NA,"Suite 2101 21/F Tektite Eat Tower, Exchange Road, Ortigas, Pasig City","Pasig",NA,NA,7140659383,"nodes",c(121.0620502, 14.5824354)
"Metro Drug",NA,"pharmacy",NA,"pharmacy",NA,NA,NA,NA,"Pasig","jklinc",NA,255050410,"nodes",c(121.080688, 14.596071)
"QualiMed",NA,"clinic",NA,NA,NA,NA,NA,NA,"Makati",NA,NA,3778738908,"nodes",c(121.0294571, 14.5496861)
"Galvez Clinic",NA,"doctors",NA,NA,NA,NA,NA,NA,"Makati",NA,NA,429694767,"nodes",c(121.0250021, 14.5484355)
"LSM Dental clinic",NA,"dentist",NA,NA,NA,NA,NA,NA,"Makati",NA,NA,429697920,"nodes",c(121.0241414, 14.5492083)
"Miles for Smiles Dental Health Care Service",NA,"dentist",NA,NA,NA,NA,NA,NA,"Quezon City",NA,NA,4169052107,"nodes",c(121.0587822, 14.6136699)
"Mercury Drug",NA,"pharmacy",NA,"pharmacy",NA,NA,NA,NA,"Manila",NA,NA,2408396975,"nodes",c(121.0015829, 14.5861524)
"Ricerra Dental Place",NA,"dentist",NA,"dentist",NA,NA,NA,NA,"Manila",NA,NA,4894589427,"nodes",c(120.9997934, 14.5787926)
"Hi Precision Diagnostics Plus",NA,NA,NA,"psychotherapist",NA,"private",NA,"R3, Power Plant Mall Amorsolo Dr, Makati, Metro Manila","Makati",NA,NA,6507509985,"nodes",c(121.0364628, 14.5639908)
"Rosario Specialist Clinic",NA,"clinic",NA,"clinic",NA,NA,NA,NA,"Pasig",NA,NA,255071998,"nodes",c(121.084831, 14.59005)
"South Star Drug",NA,"pharmacy",NA,"pharmacy",NA,NA,NA,NA,"Pasig",NA,NA,1966221338,"nodes",c(121.0818834, 14.5697888)
"Generika",NA,"pharmacy",NA,"pharmacy",NA,NA,NA,NA,"Pasig",NA,NA,9849410769,"nodes",c(121.1017793, 14.5891455)
"Mother Regina",NA,"hospital",NA,"hospital",NA,NA,NA,NA,"Pasig",NA,NA,255067973,"nodes",c(121.085128, 14.58352)
"Alfonso Clinic",NA,"hospital",NA,NA,NA,NA,NA,NA,"Pasig",NA,NA,1998698325,"nodes",c(121.0861052, 14.5681954)
"South Star Drug",NA,"pharmacy",NA,NA,NA,NA,NA,NA,"Pasig",NA,NA,3397075493,"nodes",c(121.0943243, 14.5902617)
"Valdez-Padron Clinic",NA,"doctors",NA,"doctor",NA,NA,NA,NA,"Quezon City",NA,NA,255059985,"nodes",c(121.039645, 14.708323)
"Botika ng Barangay",NA,"pharmacy",NA,NA,NA,"public",NA,NA,"Caloocan",NA,NA,2939083000,"nodes",c(121.0547877, 14.7692948)
"Generika",NA,"pharmacy",NA,"pharmacy",NA,NA,NA,NA,"Pasay",NA,NA,13200982051,"nodes",c(121.0109838, 14.5376701)
"Generika",NA,"pharmacy",NA,"pharmacy",NA,NA,NA,NA,"Valenzuela",NA,NA,9953779765,"nodes",c(120.9792944, 14.698795)
"Mercury Drug",NA,"pharmacy",NA,"pharmacy",NA,NA,NA,NA,"Quezon City",NA,NA,3778717670,"nodes",c(121.0591026, 14.5921034)
"Mercury Drug",NA,"pharmacy",NA,"pharmacy",NA,NA,NA,NA,"Taguig",NA,NA,318870299,"nodes",c(121.0636418, 14.5485412)
"Megason Diagnostic Clinic",NA,NA,NA,"laboratory",NA,NA,NA,NA,"Taguig",NA,NA,5436690338,"nodes",c(121.0641608, 14.5477652)
"Cardinal Santos Medical Center",NA,NA,NA,"psychotherapist",NA,"government",NA,"10 Wilson St. Greenhills West, San Juan City",NA,NA,NA,6466253685,"nodes",c(121.0459393, 14.597476)
"Amang Rodriguez Memorial Medical Center - Acute Psychiatric Unit Outpatient Department",NA,NA,NA,"psychotherapist",NA,"government",NA,"Sumulong Highway, Sto Niño, Marikina",NA,NA,NA,6466253785,"nodes",c(121.0984057, 14.6360758)
"CSM Dental Clinic",NA,"hospital",NA,"hospital","dentist",NA,NA,NA,"Malabon",NA,NA,12193991210,"nodes",c(120.9525315, 14.6587471)
"Generika",NA,"pharmacy",NA,"pharmacy",NA,NA,NA,NA,"Manila",NA,NA,1047258797,"nodes",c(120.983099, 14.5784828)
"Healthway",NA,"clinic",NA,NA,NA,NA,NA,NA,"Manila",NA,NA,11389903384,"nodes",c(120.9826939, 14.5780018)
"Tooth de Care Dental Clinic",NA,"dentist",NA,"dentist",NA,NA,NA,NA,"Parañaque",NA,NA,11383596978,"nodes",c(120.992607, 14.5009489)
"Dr. Rofien H. Ison Family Medicine Specialist",NA,"doctors",NA,"doctor",NA,NA,NA,NA,"Parañaque",NA,NA,11383596979,"nodes",c(120.9925629, 14.5010403)
"Nuestra Señora de Buensuceso Polyclinic and Diagnostic Center",NA,"clinic",NA,"clinic",NA,NA,NA,NA,"Parañaque",NA,NA,11383596980,"nodes",c(120.9925711, 14.50112)
"Ateneo Bulatao Centre",NA,NA,NA,"psychotherapist","psychotherapist",NA,NA,"Room 103-A Bellarmine Hall, Ateneo de Manila University, Katipunan Ave., Loyola Heights, Quezon City","Quezon City",NA,NA,7140626603,"nodes",c(121.0795362, 14.6416672)
"Toothie Cutie Dental Clinic",NA,"dentist",NA,"dentist",NA,NA,NA,NA,"Parañaque",NA,NA,11383596986,"nodes",c(120.992535, 14.5013352)
"Assessment Analytics, Inc.",NA,NA,NA,"psychotherapist",NA,NA,NA,"21/F Rufino Pacific Tower, 6784 Ayala Avenue, Makati City, Philippines 1223",NA,NA,NA,7809743889,"nodes",c(121.0181847, 14.5582376)
"Hi-Precision Diagnostics",NA,NA,NA,"laboratory",NA,NA,NA,NA,"Pasay",NA,NA,6602740008,"nodes",c(120.9828467, 14.5309564)
"Kids in Motion Therapy Center Inc.",NA,NA,NA,"speech_therapist;occupational_therapist",NA,NA,NA,NA,"Taguig","PASP",NA,11169732778,"nodes",c(121.0474025, 14.5443462)
"Chatter Therapy Center",NA,NA,NA,"speech_therapist;occupational_therapist",NA,NA,NA,NA,"Quezon City","PAOT;PASP",NA,11169725048,"nodes",c(121.0385397, 14.670621)
"The Learning Canvas",NA,NA,NA,"speech_therapist;occupational_therapist",NA,NA,NA,NA,"Quezon City","PASP",NA,11169616751,"nodes",c(120.9974661, 14.6339444)
"Theraserve Children's Assessment, Early Intervention and Therapy Center",NA,NA,NA,"speech_therapist;occupational_therapist",NA,NA,NA,NA,"Quezon City","PASP",NA,11169593826,"nodes",c(121.0380467, 14.6277729)
"Kidswecare Pediatric Therapy Center",NA,NA,NA,"speech_therapist;occupational_therapist",NA,NA,NA,NA,"Quezon City","PASP",NA,11169662774,"nodes",c(121.0214825, 14.6666481)
"Center for Interventions Toward Development and Empowerment Through Allied Services (I.D.E.A.S.), Inc.",NA,NA,NA,"speech_therapist;occupational_therapist",NA,NA,NA,NA,"Taguig","PAOT",NA,11169706570,"nodes",c(121.0589247, 14.5516821)
"Goals Alabang Therapy Center Co.",NA,NA,NA,"occupational_therapist",NA,NA,NA,NA,"Muntinlupa City","PAOT",NA,11169513934,"nodes",c(121.023478, 14.4260851)
"Apple Tree Integrated School - Therapy Department",NA,NA,NA,"speech_therapist;occupational_therapist",NA,NA,NA,NA,"Quezon City","PASP",NA,11169647084,"nodes",c(120.9971939, 14.634169)
"Magis Rehabilitation Clinic",NA,NA,NA,"speech_therapist;occupational_therapist;physiotherapist",NA,NA,NA,NA,"Parañaque","PAOT;PASP",NA,11169573291,"nodes",c(121.0151961, 14.4696006)
"Good Kids Therapy Center",NA,NA,NA,"speech_therapist;occupational_therapist",NA,NA,NA,NA,"Pasay","PASP",NA,11169565745,"nodes",c(120.9917863, 14.5533666)
"Watsons",NA,"pharmacy",NA,"pharmacy",NA,NA,NA,NA,"Quezon City",NA,NA,7328467389,"nodes",c(121.032549, 14.6394461)
"Stillwaters-educamp Academy Inc.",NA,NA,NA,"speech_therapist;occupational_therapist",NA,NA,NA,NA,"Muntinlupa","PASP",NA,11169497035,"nodes",c(121.0268166, 14.4278132)
"Hatch Center for Sensory Play and Therapy",NA,NA,NA,"speech_therapist;occupational_therapist",NA,NA,NA,NA,"Mandaluyong","PAOT",NA,11164367043,"nodes",c(121.0589084, 14.5853149)
"FamilyDOC",NA,NA,NA,"clinic",NA,NA,NA,NA,"Las Piñas",NA,NA,255066480,"nodes",c(120.9796043, 14.451308)
"Speech Path",NA,NA,NA,"speech_therapist",NA,NA,NA,NA,"Quezon City","PASP",NA,11166895112,"nodes",c(121.0728603, 14.6336716)
"Hope Speaks Therapy Center",NA,NA,NA,"speech_therapist;occupational_therapist",NA,NA,NA,NA,"Quezon City","PASP",NA,11166864852,"nodes",c(121.0423384, 14.6264758)
"Therabilities South Inc.",NA,NA,NA,"speech_therapist;occupational_therapist;physiotherapist",NA,NA,NA,NA,"Muntinlupa","PAOT;PASP",NA,11166861307,"nodes",c(121.0350847, 14.4200852)
"Haven of Opportunities for People with Exceptionalities, inc.",NA,NA,NA,"speech_therapist",NA,NA,NA,NA,"Quezon City","PASP",NA,11166853934,"nodes",c(121.0191105, 14.6657435)
"Play Plus Therapy Center",NA,NA,NA,"speech_therapist;occupational_therapist",NA,NA,NA,NA,"San Juan","PAOT;PASP",NA,11166776943,"nodes",c(121.0380721, 14.598539)
"Fundevmentals Therapy Center",NA,NA,NA,"speech_therapist;occupational_therapist;physiotherapist",NA,NA,NA,NA,"Quezon City","PASP",NA,11166731091,"nodes",c(121.0804564, 14.6109128)
"Watsons",NA,"pharmacy",NA,NA,NA,NA,NA,NA,"Quezon City",NA,NA,1266288921,"nodes",c(121.079539, 14.6094117)
"Watsons",NA,"pharmacy",NA,"pharmacy",NA,NA,NA,NA,"Las Piñas",NA,NA,6348255524,"nodes",c(120.9853835, 14.4481343)
"Therapeutic Intervention for Kids (THINKIDS)",NA,NA,NA,"speech_therapist",NA,NA,NA,NA,"Quezon City","PASP",NA,11165000408,"nodes",c(121.0339388, 14.627656)
"Heart and Lungs Diagnostic Center",NA,NA,NA,"laboratory",NA,NA,NA,NA,"Quezon City",NA,NA,7328467386,"nodes",c(121.0537984, 14.6446238)
"TGP",NA,"pharmacy",NA,"pharmacy",NA,NA,NA,NA,"Manila",NA,NA,944882576,"nodes",c(121.0028537, 14.6016901)
"Dr. Lui Dental Clinic",NA,"dentist",NA,NA,NA,NA,NA,NA,"Manila",NA,NA,3076961797,"nodes",c(121.0126914, 14.5815136)
"Mercury Drug",NA,"pharmacy",NA,"pharmacy",NA,NA,NA,NA,"Parañaque",NA,NA,2153598216,"nodes",c(121.0101905, 14.4556904)
"Mercury Drug",NA,"pharmacy",NA,"pharmacy",NA,NA,NA,NA,"Quezon City",NA,NA,957223867,"nodes",c(121.0570041, 14.6201747)
"Watsons",NA,"pharmacy",NA,"pharmacy",NA,NA,NA,NA,"Manila",NA,NA,3597486839,"nodes",c(120.9944404, 14.6109131)
"Organization Management & Development Center",NA,NA,NA,"psychotherapist","psychiatry","private",NA,"Suite 1001 Medical Plaza Ortigas, 25 San Miguel Avenue, Ortigas Center, Pasig City","Pasig",NA,NA,7140633644,"nodes",c(121.0593008, 14.5803732)
"TGP",NA,"pharmacy",NA,"pharmacy",NA,NA,NA,NA,"Quezon City",NA,NA,1688046429,"nodes",c(121.0743958, 14.6429245)
"Botica ng Barangay",NA,"pharmacy",NA,"pharmacy",NA,NA,NA,NA,"Quezon City",NA,NA,1515642476,"nodes",c(121.0734933, 14.6408741)
"TGP",NA,"pharmacy",NA,"pharmacy",NA,NA,NA,NA,"Quezon City",NA,NA,3299171853,"nodes",c(121.0535054, 14.6229693)
"Generika",NA,"pharmacy",NA,"pharmacy",NA,NA,NA,NA,"Quezon City",NA,NA,4271992890,"nodes",c(121.0184668, 14.6802268)
"Nephro Group of Dialysis Center",NA,"clinic",NA,"clinic",NA,NA,NA,NA,"Quezon City",NA,NA,6959176897,"nodes",c(121.0296116, 14.6528082)
"NSPI Dialysis Center",NA,"clinic",NA,"clinic",NA,NA,NA,NA,"Quezon City",NA,NA,1255128645,"nodes",c(121.029599, 14.6527162)
"Mercury Drug",NA,"pharmacy",NA,"pharmacy",NA,NA,NA,NA,"Pasig",NA,NA,693234710,"nodes",c(121.0782258, 14.5871613)
"K2 Drug",NA,"pharmacy",NA,"pharmacy",NA,NA,NA,NA,"Muntinlupa",NA,NA,1285083209,"nodes",c(121.0434701, 14.4141195)
"The Generics Pharmacy",NA,"pharmacy",NA,"pharmacy",NA,NA,NA,NA,"Parañaque",NA,NA,8881489144,"nodes",c(121.0284258, 14.4449591)
"Gray Matters Psychological Center",NA,NA,NA,"psychotherapist",NA,"private",NA,"Penthouse A, South Gate Bldg. Finance Drive, Madrigal Business Park, Ayala Alabang, Muntinlupa City","Muntinlupa",NA,NA,7140664285,"nodes",c(121.0257507, 14.4244396)
"Mercury Drug",NA,"pharmacy",NA,"pharmacy",NA,NA,NA,NA,"Muntinlupa",NA,NA,2166483866,"nodes",c(121.0471513, 14.4189363)
"RSR Dental Clinic",NA,"dentist",NA,"dentist",NA,NA,NA,NA,"Muntinlupa",NA,NA,2166483876,"nodes",c(121.0467785, 14.4189988)
"Sevilla Dental Clinic",NA,"dentist",NA,"dentist",NA,NA,NA,NA,"Muntinlupa",NA,NA,2166585772,"nodes",c(121.04658, 14.4189623)
"Masa-Quintos Dental Clinic",NA,"dentist",NA,"dentist",NA,NA,NA,NA,"Muntinlupa",NA,NA,2166585793,"nodes",c(121.0464806, 14.4189156)
"Brain Wellness Center",NA,NA,NA,"psychotherapist","psychiatry;neurology",NA,NA,"4F, Tower 1, Asian Hospital and Medical Center, Filinvest City, Alabang, Muntinlupa City","Filinvest",NA,NA,7140693189,"nodes",c(121.043549, 14.4133275)
"TGP",NA,"pharmacy",NA,"pharmacy",NA,NA,NA,NA,"Parañaque",NA,NA,1298585358,"nodes",c(121.0071834, 14.4564646)
"Barangay Dasmariñas Clinic",NA,"clinic",NA,"clinic",NA,"public",NA,NA,"Makati",NA,NA,7328540596,"nodes",c(121.0304718, 14.5369756)
"Mercury Drug",NA,"pharmacy",NA,"pharmacy",NA,NA,NA,NA,"Quezon City",NA,NA,255052286,"nodes",c(120.9991911, 14.6232875)
"Mercury Drug",NA,"pharmacy",NA,"pharmacy",NA,NA,NA,NA,"Quezon City",NA,NA,2059284514,"nodes",c(121.0843829, 14.6783746)
"Mercury Drug",NA,"pharmacy",NA,"pharmacy",NA,NA,NA,NA,"Quezon City",NA,NA,5055251614,"nodes",c(121.0350651, 14.7012179)
"Joson Medical Clinic",NA,"clinic",NA,"clinic",NA,NA,NA,NA,"Pasig",NA,NA,255061305,"nodes",c(121.081881, 14.5787595)
"Mercury Drug",NA,"pharmacy",NA,"pharmacy",NA,NA,NA,NA,"Manila",NA,NA,1841270265,"nodes",c(120.986888, 14.6255243)
"Contour Rehabilitation And Wellness, Inc.",NA,NA,NA,"speech_therapist",NA,NA,NA,NA,"Muntinlupa","PASP",NA,11146083509,"nodes",c(121.044319, 14.4342062)
"A Works Therapy and Learning Center",NA,NA,NA,"speech_therapist;occupational_therapist",NA,NA,NA,NA,"Taguig City","paot;pasp",NA,11143745910,"nodes",c(121.0376049, 14.5227179)
"Mercury Drug",NA,"pharmacy",NA,NA,NA,NA,NA,NA,"Quezon City",NA,NA,1226193393,"nodes",c(121.0133966, 14.6287637)
"Polydrug Pharmacy Inc.",NA,"pharmacy",NA,"pharmacy",NA,NA,NA,NA,"Quezon City",NA,NA,7328639885,"nodes",c(121.0362435, 14.6380979)
"Mercury Drug",NA,"pharmacy",NA,"pharmacy",NA,NA,NA,NA,"Taguig",NA,NA,1515481491,"nodes",c(121.0705274, 14.5290839)
"Mercury Drug","Mercury Drug","pharmacy",NA,"pharmacy",NA,NA,NA,NA,"Caloocan",NA,NA,4854372336,"nodes",c(121.035215, 14.7447829)
"Top Med",NA,"doctors",NA,NA,"pediatric;diabetology;nephrology;obstetrics",NA,NA,NA,"Valenzuela",NA,NA,9941567696,"nodes",c(120.9741355, 14.6894034)
"TGP",NA,"pharmacy",NA,"pharmacy",NA,NA,NA,NA,"Las Piñas",NA,NA,2508375038,"nodes",c(120.9963727, 14.4198798)
"Better Steps Psychology",NA,NA,NA,"psychotherapist","psychiatry","private",NA,NA,"Pasig",NA,NA,7140650988,"nodes",c(121.0659906, 14.565689)
"Sagad Barangay Health Center",NA,"health_post",NA,"community_health_worker",NA,"public",NA,NA,"Pasig",NA,NA,11911867913,"nodes",c(121.0793962, 14.566312)
"Hand Therapy Ph",NA,NA,NA,"occupational_therapist",NA,NA,NA,NA,"Muntinlupa","PAOT",NA,11167504722,"nodes",c(121.0350546, 14.4219796)
"Valenzuela City Social Hygiene Clinic",NA,"doctors",NA,"doctor",NA,NA,NA,NA,"Valenzuela",NA,NA,7304071092,"nodes",c(120.969549, 14.6917356)
"South Star Drug",NA,"pharmacy",NA,"pharmacy",NA,NA,NA,NA,"Makati",NA,NA,6770000752,"nodes",c(121.0465023, 14.5654148)
"Mercury Drug",NA,"pharmacy",NA,"pharmacy",NA,NA,NA,NA,"Mandaluyong",NA,NA,255071166,"nodes",c(121.0263831, 14.5924667)
"Mercury Drug",NA,"pharmacy",NA,"pharmacy",NA,NA,NA,NA,"Pasig",NA,NA,4216939392,"nodes",c(121.0868365, 14.5909564)
"Geneva Smile Dental Clinic",NA,"dentist",NA,NA,NA,NA,NA,NA,"Pasay",NA,NA,10201283318,"nodes",c(120.9966013, 14.5559019)
"Generika",NA,"pharmacy",NA,NA,NA,NA,NA,NA,"Marikina",NA,NA,4192886605,"nodes",c(121.1029189, 14.6530719)
"Dr. Benjamin R. Cruz Clinic",NA,"doctors",NA,NA,NA,NA,NA,NA,"Makati",NA,NA,1700642531,"nodes",c(121.0088866, 14.5508279)
"TGP",NA,"pharmacy",NA,"pharmacy",NA,NA,NA,NA,"Las Piñas",NA,NA,3299737967,"nodes",c(120.9956693, 14.4265873)
"Rapa' Generics Pharmacy",NA,"pharmacy",NA,"pharmacy",NA,NA,NA,NA,"Las Piñas",NA,NA,1599655220,"nodes",c(120.9847309, 14.4419375)
"Mercury Drug",NA,"pharmacy",NA,"pharmacy",NA,NA,NA,NA,"Manila",NA,NA,1041008732,"nodes",c(120.9784238, 14.5801714)
"Odous Dunamis",NA,"dentist",NA,NA,NA,NA,NA,NA,"Las Piñas",NA,NA,3299737965,"nodes",c(120.9942082, 14.4314954)
"BFRV Drugstore",NA,"pharmacy",NA,NA,NA,NA,NA,NA,"Las Piñas",NA,NA,1444152871,"nodes",c(120.9796161, 14.4417495)
"Novus-Renal Care",NA,"clinic",NA,"dialysis","nephrology",NA,NA,NA,"Mandaluyong",NA,NA,12737619543,"nodes",c(121.0501661, 14.57828)
"Dental Station",NA,"dentist",NA,"dentist",NA,NA,NA,NA,"Quezon City",NA,NA,8251935856,"nodes",c(121.0165487, 14.6408872)
"TGP",NA,"pharmacy",NA,"pharmacy",NA,NA,NA,NA,"Marikina",NA,NA,974331396,"nodes",c(121.1113353, 14.650817)
"Psych Systems and Innovation",NA,NA,NA,"psychotherapist","psychiatry",NA,NA,"3rd Floor Framar Center, 111 A. Mabini St., Brgy. Kapasigan, Pasig City","Pasig",NA,NA,7140655459,"nodes",c(121.0762222, 14.5618795)
"Centralle Medical",NA,"clinic",NA,"clinic",NA,NA,NA,NA,"Valenzuela",NA,NA,7130451585,"nodes",c(120.9916359, 14.7073274)
"Marikina Santo Niño Medical Clinic & Laboratory",NA,"doctors",NA,"doctor",NA,NA,NA,NA,"Marikina",NA,NA,2661562737,"nodes",c(121.0944618, 14.6353284)
"CRJS Generics Pharmacy",NA,"pharmacy",NA,"pharmacy",NA,NA,NA,NA,"Marikina",NA,NA,600643348,"nodes",c(121.0942891, 14.6355585)
"Perez EENT Clinic",NA,"doctors",NA,"doctor",NA,NA,NA,NA,"Valenzuela",NA,NA,9967731265,"nodes",c(120.9572736, 14.7178773)
"Murphy Lying-in",NA,NA,NA,"birthing_centre","maternity",NA,NA,NA,"Quezon City","extrapolation",NA,10155751272,"nodes",c(121.063301, 14.6157274)
"Damayan Lying-in Clinic",NA,NA,NA,"birthing_centre","maternity",NA,NA,NA,"Quezon City",NA,NA,10198399099,"nodes",c(121.0148274, 14.6394294)
"Watsons",NA,"pharmacy",NA,"pharmacy",NA,NA,NA,NA,"Pasig",NA,NA,1864617052,"nodes",c(121.0772098, 14.5848757)
"Green Corner Pharmacy",NA,"pharmacy",NA,NA,NA,NA,NA,NA,"Caloocan",NA,NA,9949806247,"nodes",c(121.0177939, 14.752127)
"Watsons Pharmacy","Watson's","pharmacy",NA,"pharmacy",NA,NA,NA,NA,"Makati",NA,NA,4363167189,"nodes",c(121.0153631, 14.5586777)
"Mercury Drug",NA,"pharmacy",NA,"pharmacy",NA,NA,NA,NA,"Makati",NA,NA,6614724065,"nodes",c(121.0156227, 14.5585198)
"iScan Diagnostic Center",NA,NA,NA,"laboratory",NA,NA,NA,NA,"Quezon City",NA,NA,6274341385,"nodes",c(121.0485909, 14.6393681)
"BF Maternity Clinic",NA,"hospital",NA,NA,NA,NA,NA,NA,"Las Piñas",NA,NA,1728914773,"nodes",c(120.9915862, 14.4422958)
NA,NA,"pharmacy",NA,"hospital",NA,NA,NA,NA,"Manila",NA,NA,4443278691,"nodes",c(121.0016816, 14.5880221)
"MVR LAB Diagnostic Center",NA,NA,NA,"psychotherapist",NA,"private",NA,"Room 501, Trinity Building, 636 Kalaw Avenue, Ermita, Manila","Manila",NA,NA,7155365485,"nodes",c(120.9817709, 14.5819439)
"Materials Storage Facility",NA,NA,NA,"rehabilitation",NA,NA,NA,NA,"Manila",NA,NA,10801000630,"nodes",c(120.9803058, 14.5738463)
"Care Station/OB-Gyne Pedia Clinic",NA,"doctors",NA,"doctor","pedia",NA,NA,NA,"Parañaque",NA,NA,9991703362,"nodes",c(121.0089096, 14.4639271)
"UP Diliman Health Service",NA,NA,NA,"psychotherapist",NA,NA,NA,"J.P.Laurel Avenue corner Apacible & Agoncillo Street, Diliman, Quezon City",NA,NA,NA,6466237587,"nodes",c(121.0709855, 14.6598723)
"Watsons","Watsons","pharmacy",NA,"pharmacy",NA,NA,NA,NA,"Makati",NA,NA,4697504197,"nodes",c(121.0123124, 14.5586005)
"The Generics Pharmacy",NA,"pharmacy",NA,"pharmacy",NA,NA,NA,NA,"Parañaque",NA,NA,8873817864,"nodes",c(121.0209297, 14.4464138)
"Better Living Diagnostic and Laboratory","Better Living Diagnostic and Laboratory",NA,NA,"laboratory",NA,NA,NA,NA,"Parañaque",NA,NA,4712507289,"nodes",c(121.0377414, 14.4831212)
"The Generics Pharmacy",NA,"pharmacy",NA,"pharmacy",NA,NA,NA,NA,"Parañaque",NA,NA,10738517574,"nodes",c(121.0356739, 14.4977846)
"Watsons",NA,"pharmacy",NA,"pharmacy",NA,NA,NA,NA,"Taguig",NA,NA,1669881511,"nodes",c(121.0448464, 14.5501454)
"Aimee Aguilar-Teo M.D.",NA,"clinic",NA,"clinic",NA,NA,NA,NA,"Taguig",NA,NA,3233877596,"nodes",c(121.0444794, 14.5522398)
"Watson's",NA,"pharmacy",NA,NA,NA,NA,NA,NA,"Parañaque",NA,NA,7227166349,"nodes",c(121.0377268, 14.4839832)
"Silvano Klinika Dental",NA,"dentist",NA,NA,NA,NA,NA,NA,"Parañaque",NA,NA,10717995779,"nodes",c(121.0315416, 14.4618696)
"Mercury Drug",NA,"pharmacy",NA,NA,NA,NA,NA,NA,"Makati","jklinc",NA,255056185,"nodes",c(121.0279034, 14.5623488)
"Watsons",NA,"pharmacy",NA,"pharmacy",NA,NA,NA,NA,"Paranaque","interpolation",NA,10281794259,"nodes",c(121.010047, 14.4557199)
"Watsons",NA,"pharmacy",NA,"pharmacy",NA,NA,NA,NA,"Taguig",NA,NA,10600554979,"nodes",c(121.0511539, 14.4939147)
NA,NA,"dentist",NA,"dentist",NA,NA,NA,NA,"Taguig",NA,NA,6449465595,"nodes",c(121.0552771, 14.5203757)
NA,NA,"dentist",NA,"dentist",NA,NA,NA,NA,"Taguig",NA,NA,6448950017,"nodes",c(121.0612476, 14.5174388)
"Greyz",NA,"pharmacy",NA,NA,NA,NA,NA,NA,"Taguig","interpolation",NA,10598260398,"nodes",c(121.0498061, 14.5004434)
"Mercury Drug",NA,"pharmacy",NA,"pharmacy",NA,NA,NA,NA,"Mandaluyong",NA,NA,2282145471,"nodes",c(121.053445, 14.5820759)
"Detoxicare Molecular Diagnostics Laboratory",NA,NA,NA,"laboratory",NA,NA,NA,NA,"Mandaluyong",NA,NA,7407633619,"nodes",c(121.0328151, 14.5913879)
"South Star Drug",NA,"pharmacy",NA,"pharmacy",NA,NA,NA,NA,"Taguig",NA,NA,10022376159,"nodes",c(121.0738152, 14.5217352)
"Mercury Drug",NA,"pharmacy",NA,"pharmacy",NA,NA,NA,NA,"Manila",NA,NA,1278908781,"nodes",c(120.9832716, 14.5986372)
"KC Dental",NA,"dentist",NA,"dentist",NA,NA,NA,NA,"Manila",NA,NA,1913725443,"nodes",c(120.9833142, 14.5995987)
"Generic Pharmacy",NA,"pharmacy",NA,"pharmacy",NA,NA,NA,NA,"Manila",NA,NA,1974746071,"nodes",c(120.9855206, 14.6027759)
"K2 Drugs",NA,"pharmacy",NA,"pharmacy",NA,NA,NA,NA,"Manila",NA,NA,4177513036,"nodes",c(120.9848066, 14.6005824)
"Mercury Drug",NA,"pharmacy",NA,"pharmacy",NA,NA,NA,NA,"Manila",NA,NA,286653629,"nodes",c(120.9837583, 14.5979214)
"TGP",NA,"pharmacy",NA,"pharmacy",NA,NA,NA,NA,"Taguig",NA,NA,1277126296,"nodes",c(121.0605753, 14.4887279)
"The Generics Pharmacy",NA,"pharmacy",NA,"pharmacy",NA,NA,NA,NA,"Taguig",NA,NA,10018773456,"nodes",c(121.0608159, 14.4887349)
"Watsons",NA,"pharmacy",NA,"pharmacy",NA,NA,NA,NA,"Pasig",NA,NA,255062285,"nodes",c(121.0639868, 14.5727958)
"D. G. Pharmacy",NA,"pharmacy",NA,NA,NA,NA,NA,NA,"Taguig","interpolation",NA,10269023743,"nodes",c(121.0537607, 14.5053801)
"Linson Pharmacy",NA,"pharmacy",NA,NA,NA,NA,NA,NA,"Taguig",NA,NA,6899531485,"nodes",c(121.0535272, 14.5134085)
"Kids World Integrated School",NA,NA,NA,"speech_therapist;occupational_therapist",NA,NA,NA,NA,"San Juan","local knowledge",NA,11169600199,"nodes",c(121.0319628, 14.6010926)
"Editha Sia Jose Zarragoza, DMD","Editha Sia Jose Zarragoza, DMD","dentist",NA,NA,NA,NA,NA,NA,"Quezon City",NA,NA,6975522485,"nodes",c(121.0666981, 14.7260469)
"Starmed Diagnostic Services Inc.",NA,NA,NA,"laboratory",NA,NA,NA,NA,"Quezon City",NA,NA,7130444986,"nodes",c(121.0494621, 14.6442816)
"Escosia Dental Clinic",NA,"dentist",NA,NA,NA,NA,NA,NA,"Manila","extrapolation",NA,10170284039,"nodes",c(121.0023186, 14.565357)
"Intercon Diagnostic Lab",NA,NA,NA,"laboratory",NA,NA,NA,NA,"Quezon City",NA,NA,3638708454,"nodes",c(121.0013813, 14.6339065)
"Almeguia-Castro Dental Clinic",NA,"dentist",NA,"dentist",NA,NA,NA,NA,"Marikina",NA,NA,3578952904,"nodes",c(121.121956, 14.6416848)
"Candido-Matus Pharmacy",NA,"pharmacy",NA,"pharmacy",NA,NA,NA,NA,"Valenzuela",NA,NA,9471911073,"nodes",c(120.9793025, 14.6993977)
"Independent Living Learning Centre, Inc.",NA,NA,NA,"speech_therapist;occupational_therapist;physiotherapist",NA,NA,NA,NA,"Mandaluyong","PAOT",NA,11171941065,"nodes",c(121.036796, 14.5781131)
"Peregrine Eye and Laser Institute",NA,"clinic",NA,NA,NA,NA,NA,NA,"Makati",NA,NA,3145109830,"nodes",c(121.030931, 14.5606709)
"American Out Patient Clinic",NA,"clinic",NA,"clinic",NA,NA,NA,NA,"Manila",NA,NA,7123901186,"nodes",c(120.973162, 14.592982)
"Magnaye Medical Clinic",NA,"doctors",NA,"clinic",NA,NA,NA,NA,"Taguig","interpolation",NA,6380993969,"nodes",c(121.0599806, 14.4887123)
"TGP",NA,"pharmacy",NA,"pharmacy",NA,NA,NA,NA,"Quezon City",NA,NA,2674513587,"nodes",c(121.0584952, 14.634589)
"Mercury Drug",NA,"pharmacy",NA,"pharmacy",NA,NA,NA,NA,"Marikina",NA,NA,6240897082,"nodes",c(121.1221601, 14.6415185)
"Watsons",NA,"pharmacy",NA,"pharmacy",NA,NA,NA,NA,"Marikina",NA,NA,5126232937,"nodes",c(121.1221756, 14.6419136)
"Chiropractic First",NA,NA,NA,"alternative","chiropractic",NA,NA,NA,"Pasay",NA,NA,12832943732,"nodes",c(120.9813528, 14.5364122)
"Shepherd Drug Rehabilitation Center - Quezon City",NA,NA,NA,"psychotherapist",NA,NA,NA,NA,"Quezon City",NA,NA,7140670661,"nodes",c(121.0329082, 14.6406665)
"TGP",NA,"pharmacy",NA,"pharmacy",NA,NA,NA,NA,"Quezon City",NA,NA,6546865485,"nodes",c(121.0713969, 14.6931904)
"Mercury Drug",NA,"pharmacy",NA,"pharmacy",NA,NA,NA,NA,"Quezon City",NA,NA,5197290287,"nodes",c(121.0470809, 14.7397118)
"Fairmed",NA,"doctors",NA,NA,NA,NA,NA,NA,"Quezon City","extrapolation",NA,12062253783,"nodes",c(121.0654603, 14.7067287)
"Mercury Drug",NA,"pharmacy",NA,"pharmacy",NA,NA,NA,NA,"Mandaluyong","survey",NA,255062920,"nodes",c(121.0512446, 14.578589)
"Health Cube",NA,NA,NA,"laboratory",NA,"private",NA,NA,"Mandaluyong",NA,NA,7091766887,"nodes",c(121.03298, 14.5915633)
"Mercury Drug",NA,"pharmacy",NA,"pharmacy",NA,NA,NA,NA,"Quezon City",NA,NA,7092918086,"nodes",c(121.0823176, 14.6776532)
"Advanced Hyperbaric Life-Support, Incorporated",NA,"doctors",NA,NA,"hyperbaric",NA,NA,NA,"Mandaluyong",NA,NA,10137317151,"nodes",c(121.0328262, 14.5914066)
"Health Cube",NA,"clinic",NA,NA,NA,"private",NA,NA,"Mandaluyong",NA,NA,8346330038,"nodes",c(121.0329763, 14.5915504)
"Best Tooth Forward",NA,"dentist",NA,NA,NA,NA,NA,NA,"Quezon City",NA,NA,10125188479,"nodes",c(121.0693889, 14.7357064)
"South Star Drug",NA,"pharmacy",NA,"pharmacy",NA,NA,NA,NA,"Pasig",NA,NA,1340926785,"nodes",c(121.0852723, 14.5764567)
"Oida Dental Clinic",NA,"dentist",NA,"dentist","dentist",NA,NA,NA,"Quezon City",NA,NA,9031355326,"nodes",c(121.0614185, 14.7107887)
"A. J. Maximo Social Hygiene Clinic",NA,"doctors",NA,"clinic",NA,"government",NA,NA,"Quezon City",NA,NA,7129231085,"nodes",c(121.0367603, 14.7206926)
"Octarine Dialysis Center",NA,NA,NA,"dialysis",NA,NA,NA,NA,"Quezon City","extrapolation",NA,10096733228,"nodes",c(121.0679963, 14.70214)
"J. D. L. Alvarez Dental Clinic",NA,"dentist",NA,"dentist",NA,NA,NA,NA,"Quezon City","extrapolation",NA,10096541945,"nodes",c(121.0854798, 14.6864228)
"The Generics Pharmacy",NA,"pharmacy",NA,"pharmacy",NA,NA,NA,NA,"Quezon City","extrapolation",NA,10096541943,"nodes",c(121.0855688, 14.6864196)
"Mercury Drug",NA,"pharmacy",NA,"pharmacy",NA,NA,NA,NA,"Quezon City",NA,NA,7512898389,"nodes",c(121.0646483, 14.6215995)
"Tata Roque Generic Drugstore",NA,"pharmacy",NA,"pharmacy",NA,NA,NA,NA,"Pasig","rally & andre",NA,696288804,"nodes",c(121.092612, 14.621681)
"The Generics Pharmacy",NA,"pharmacy",NA,"pharmacy",NA,NA,NA,NA,"Quezon City",NA,NA,8684743887,"nodes",c(121.0687539, 14.6696392)
NA,NA,"dentist",NA,NA,NA,NA,NA,NA,"Quezon City","extrapolation",NA,10115441732,"nodes",c(121.0360229, 14.7219883)
"AF Holy Spirit Clinic",NA,"clinic",NA,NA,NA,NA,NA,NA,"Quezon City","extrapolation",NA,2594779317,"nodes",c(121.084352, 14.6866662)
"Dela Torre Dental Clinic",NA,"dentist",NA,NA,NA,NA,NA,NA,"Quezon City",NA,NA,3472637165,"nodes",c(121.0855714, 14.6865259)
NA,NA,"pharmacy",NA,NA,NA,NA,NA,NA,"Quezon City",NA,NA,10096541964,"nodes",c(121.0860495, 14.6862794)
"Emmylou & Miko",NA,"pharmacy",NA,NA,NA,NA,NA,NA,"Quezon City","extrapolation",NA,10096541940,"nodes",c(121.0852565, 14.6864128)
"Vian Family Hospital II","Vian Family Hospital II","hospital",NA,"hospital",NA,"private",NA,NA,"Quezon City",NA,NA,7278748585,"nodes",c(121.021062, 14.682847)
"South Star Drug",NA,"pharmacy",NA,"pharmacy",NA,NA,NA,NA,"Taguig",NA,NA,2080614725,"nodes",c(121.069791, 14.5298264)
"Mercury Drug",NA,"pharmacy",NA,"pharmacy",NA,NA,NA,NA,"Quezon City",NA,NA,589927813,"nodes",c(121.055596, 14.623899)
"Great Shepherd Ultrasound & Medical Health Services",NA,NA,NA,"laboratory",NA,NA,NA,NA,"Quezon City","extrapolation",NA,10055025555,"nodes",c(121.0431039, 14.6944944)
"Meds Go",NA,"pharmacy",NA,"pharmacy",NA,NA,NA,NA,"Mandaluyong",NA,NA,13454396036,"nodes",c(121.055046, 14.579736)
"D. D. Velasco-Galgana",NA,"doctors",NA,NA,"gynaecology",NA,NA,NA,"Quezon City","extrapolation",NA,10044026654,"nodes",c(121.0175103, 14.6786863)
"Dear Future Self",NA,NA,NA,"psychotherapist",NA,NA,NA,NA,"San Juan",NA,NA,7144610685,"nodes",c(121.0279346, 14.6013105)
"TGP",NA,"pharmacy",NA,"pharmacy",NA,NA,NA,NA,"Valenzuela",NA,NA,8735303529,"nodes",c(120.989331, 14.7392264)
NA,NA,"clinic",NA,"clinic",NA,NA,NA,NA,"Las Piñas",NA,NA,9955776798,"nodes",c(120.9835645, 14.4419416)
"Premier 101 Ear, Nose, Throat, Head, and Neck Surgery Center",NA,"doctors",NA,"otorhinolaryngology-head_and_neck_surgery_specialty_clinic","ear;nose_&_throat;maxillofacial_surgery;hearing&balance;head&neck_tumors;rhinology;skullbase;ent;otorhinolaryngology;hearing",NA,NA,NA,"Valenzuela",NA,NA,10264683448,"nodes",c(120.9577547, 14.708854)
"Goodmed Pharmacy",NA,"pharmacy",NA,"pharmacy",NA,NA,NA,NA,"Pasig",NA,NA,8943184246,"nodes",c(121.0605703, 14.5884061)
"Valderrama Clinic",NA,"doctors",NA,NA,NA,NA,NA,NA,"Las Piñas",NA,NA,2503063611,"nodes",c(121.0085287, 14.4374917)
"Mercury Drug",NA,"pharmacy",NA,"pharmacy",NA,NA,NA,NA,"Las Piñas",NA,NA,4143979201,"nodes",c(120.9983306, 14.4435498)
"Dentistdedette",NA,"dentist",NA,NA,NA,NA,NA,NA,"Marikina",NA,NA,3578952590,"nodes",c(121.1221162, 14.6405214)
"TGP",NA,"pharmacy",NA,"pharmacy",NA,NA,NA,NA,"Valenzuela",NA,NA,12020079141,"nodes",c(120.9523462, 14.6976388)
"Children's Therapy Hub",NA,NA,NA,"speech_therapist;occupational_therapist",NA,NA,NA,NA,"Marikina","PASP;local knowledge",NA,11172006304,"nodes",c(121.1275573, 14.6395157)
"Lakambini",NA,NA,NA,"laboratory","blood_check",NA,NA,NA,"Pasay City",NA,NA,10180120117,"nodes",c(120.9966193, 14.5558224)
"Empire Dental PH",NA,"dentist",NA,"dentist",NA,NA,NA,NA,"Quezon City",NA,NA,11106968843,"nodes",c(121.0220229, 14.6654922)
"Santos Clinic and Pharmacy",NA,"pharmacy",NA,"pharmacy",NA,NA,NA,NA,"Marikina",NA,NA,600643344,"nodes",c(121.0946759, 14.6345072)
"Santos Dental Clinic",NA,"dentist",NA,"dentist",NA,NA,NA,NA,"Marikina","rally & andre",NA,696289287,"nodes",c(121.0947621, 14.6344207)
"TGP",NA,"pharmacy",NA,"pharmacy",NA,NA,NA,NA,"Pasig",NA,NA,4034184094,"nodes",c(121.1048677, 14.6050745)
"TGP",NA,"pharmacy",NA,"pharmacy",NA,NA,NA,NA,"Pasay",NA,NA,3945155762,"nodes",c(120.9971503, 14.5547786)
"Watsons",NA,"pharmacy",NA,"pharmacy",NA,NA,NA,NA,"Makati",NA,NA,452375403,"nodes",c(121.0283667, 14.5621262)
"Olga",NA,"dentist",NA,"dentist",NA,NA,NA,NA,"Marikina",NA,NA,416825210,"nodes",c(121.092368, 14.6220895)
"Mercury Drug",NA,"pharmacy",NA,"pharmacy",NA,NA,NA,NA,"Quezon City",NA,NA,1599510849,"nodes",c(121.0800018, 14.604077)
"Mercury Drug",NA,"pharmacy",NA,NA,NA,NA,NA,NA,"Quezon City",NA,NA,1576882420,"nodes",c(121.0786169, 14.6078263)
"Watsons",NA,"pharmacy",NA,"pharmacy",NA,NA,NA,NA,"Pasay",NA,NA,2654195049,"nodes",c(120.9813636, 14.5388308)
"TGP",NA,"pharmacy",NA,"pharmacy",NA,NA,NA,NA,"Manila",NA,NA,9905385032,"nodes",c(120.9801484, 14.6000383)
"Southstar Drug",NA,"pharmacy",NA,"pharmacy",NA,NA,NA,NA,"Quezon City",NA,NA,13502768466,"nodes",c(121.0836609, 14.6976746)
"Smile Craft Dental Center",NA,"dentist",NA,"dentist","dentist;dental_clinic;general_dentistry;orthodontics;cosmetic_dentistry;orthodontist;family_dentistry;mandaluyong;kalentong",NA,NA,NA,"Mandaluyong",NA,NA,9828546797,"nodes",c(121.0273739, 14.5951176)
"Wonderful Smile Dental Clinic",NA,"dentist",NA,NA,NA,NA,NA,NA,"Quezon City",NA,NA,13502768467,"nodes",c(121.0837424, 14.6976506)
"CJ Rueda Dental Clinic",NA,"dentist",NA,NA,NA,NA,NA,NA,"Las Piñas",NA,NA,1748397818,"nodes",c(120.9939772, 14.4422692)
"Dr. Aguillar Pharmacy",NA,"pharmacy",NA,NA,NA,NA,NA,NA,"Manila",NA,NA,2126363181,"nodes",c(121.0191929, 14.5921146)
"Mother's Drugstore",NA,"pharmacy",NA,NA,NA,NA,NA,NA,"Manila",NA,NA,2322926246,"nodes",c(120.9841281, 14.6065378)
"Lubiran Pharmacy",NA,"pharmacy",NA,NA,NA,NA,NA,NA,"Manila",NA,NA,2394630864,"nodes",c(121.0180145, 14.5931966)
"St. Francis Pharmacy",NA,"pharmacy",NA,NA,NA,NA,NA,NA,"Manila",NA,NA,2126363189,"nodes",c(121.0204873, 14.590796)
"Transnational Medical & Diagnostic Center",NA,"doctors",NA,NA,NA,NA,NA,NA,"Manila",NA,NA,1038225299,"nodes",c(120.9759764, 14.5893445)
"Casual General Hospital",NA,"hospital",NA,NA,NA,NA,NA,NA,"Quezon City","jklinc",NA,255061867,"nodes",c(121.070637, 14.7370013)
"Watsons",NA,"pharmacy",NA,"pharmacy",NA,NA,NA,NA,"Taguig",NA,NA,6778049775,"nodes",c(121.0519196, 14.5526778)
"Lizardo Childrens Clinic",NA,"clinic",NA,NA,NA,NA,NA,NA,"Pasig",NA,NA,255059930,"nodes",c(121.0825092, 14.5778748)
"TGP",NA,"pharmacy",NA,"pharmacy",NA,NA,NA,NA,"Muntinlupa",NA,NA,2918692519,"nodes",c(121.0465041, 14.4071627)
"Tokyo Health Clinic Alabang",NA,NA,NA,"clinic",NA,NA,NA,NA,"Muntinlupa",NA,NA,757470535,"nodes",c(121.0272184, 14.4242479)
"Therabilities Inc",NA,NA,NA,"speech_therapist;occupational_therapist",NA,NA,NA,NA,"Mandaluyong","PASP",NA,11171940618,"nodes",c(121.0565874, 14.5790563)
"Watsons",NA,"pharmacy",NA,"pharmacy",NA,NA,NA,NA,"Quezon City",NA,NA,1201346616,"nodes",c(121.0162011, 14.6402127)
